Name,GP,MIN,PTS,FGS,FGA,3PM,3PA,FTM,FTA,OREB,DREB,AST,STL,BLK,TOV,5Yrs
Brandon Ingram,36,27.4,7.4,2.6,7.6,0.5,2.1,1.6,2.3,0.7,3.4,1.9,0.4,0.4,1.3,0
Andrew Harrison,35,26.9,7.2,2.0,6.7,0.7,2.8,2.6,3.4,0.5,2.0,3.7,1.1,0.5,1.6,0
JaKarr Sampson,74,15.3,5.2,2.0,4.7,0.4,1.7,0.9,1.3,0.5,1.7,1.0,0.5,0.3,1.0,0
Malik Sealy,58,11.6,5.7,2.3,5.5,0.1,0.5,0.9,1.3,1.0,0.9,0.8,0.6,0.1,1.0,1
Matt Geiger,48,11.5,4.5,1.6,3.0,0.0,0.1,1.3,1.9,1.0,1.5,0.3,0.3,0.4,0.8,1
Tony Bennett,75,11.4,3.7,1.5,3.5,0.3,1.1,0.4,0.5,0.2,0.7,1.8,0.4,0.0,0.7,0
Don MacLean,62,10.9,6.6,2.5,5.8,0.0,0.1,1.5,1.8,0.5,1.4,0.6,0.2,0.1,0.7,1
Tracy Murray,48,10.3,5.7,2.3,5.4,0.4,1.5,0.7,0.8,0.8,0.9,0.2,0.2,0.1,0.7,1
Duane Cooper,65,9.9,2.4,1.0,2.4,0.1,0.5,0.4,0.5,0.2,0.6,2.3,0.3,0.0,1.1,0
Dave Johnson,42,8.5,3.7,1.4,3.5,0.1,0.3,1.0,1.4,0.4,0.7,0.3,0.2,0.0,0.7,0
Corey Williams,35,6.9,2.3,0.9,2.4,0.0,0.1,0.5,0.6,0.5,0.3,0.7,0.1,0.1,0.3,0
Sam Mack,40,6.7,3.6,1.2,3.0,0.1,0.6,1.1,1.5,0.5,0.8,0.4,0.3,0.1,0.6,1
Lorenzo Williams,27,6.6,1.3,0.6,1.3,0.0,0.0,0.1,0.3,0.6,1.4,0.2,0.2,0.6,0.3,1
P.J. Hairston,45,15.3,5.6,1.9,6.0,1.1,3.6,0.7,0.8,0.5,1.6,0.5,0.5,0.3,0.5,0
Elmore Spencer,44,6.4,2.4,1.0,1.9,0.0,0.0,0.4,0.7,0.4,1.0,0.2,0.2,0.4,0.6,1
John Crotty,40,6.1,2.6,0.9,1.8,0.1,0.4,0.7,1.0,0.1,0.3,1.4,0.3,0.0,0.8,1
Stephen Howard,49,5.3,2.1,0.7,1.9,0.0,0.0,0.7,1.1,0.5,0.7,0.2,0.3,0.2,0.5,0
Randy Woods,41,4.2,1.7,0.6,1.6,0.1,0.3,0.5,0.6,0.1,0.2,1.0,0.3,0.0,0.4,0
Larry Johnson,82,37.2,19.2,7.5,15.3,0.1,0.3,4.1,5.0,3.9,7.0,3.6,1.0,0.6,1.9,0
Billy Owens,80,31.4,14.3,5.9,11.1,0.0,0.1,2.6,3.9,3.0,5.0,2.4,1.1,0.8,2.2,1
Stacey Augmon,82,30.5,13.3,5.4,11.0,0.0,0.1,2.6,3.9,2.3,2.8,2.5,1.5,0.3,2.2,1
Mark Macon,76,30.3,10.6,4.4,11.7,0.1,0.4,1.8,2.4,1.1,1.8,2.2,2.0,0.2,2.0,1
Steven Smith,61,29.6,12.0,4.9,10.7,0.7,2.0,1.6,2.1,1.3,1.8,4.6,1.0,0.3,2.5,0
Mitch McGary,32,15.2,6.3,2.8,5.2,0.0,0.1,0.8,1.3,1.7,3.5,0.4,0.5,0.5,1.0,0
Larry Stewart,76,29.3,10.4,4.0,7.8,0.0,0.0,2.5,3.1,2.4,3.5,1.6,0.7,0.6,1.5,1
Mike Iuzzolino,52,24.6,9.3,3.1,6.8,1.1,2.6,2.1,2.5,0.5,1.4,3.7,0.6,0.0,1.8,0
Doug Smith,76,22.5,8.8,3.8,9.2,0.0,0.1,1.2,1.6,1.7,3.4,1.7,0.8,0.5,1.3,1
Paul Graham,78,22.0,10.1,3.9,8.7,0.7,1.8,1.6,2.2,0.9,2.0,2.2,1.2,0.3,1.2,0
Donald Hodge,51,20.7,8.4,3.2,6.4,0.0,0.0,2.0,2.9,2.3,3.1,0.8,0.5,0.5,1.5,1
Dale Davis,64,20.3,6.2,2.4,4.4,0.0,0.0,1.4,2.4,2.5,3.9,0.5,0.4,1.2,0.8,1
Stanley Roberts,55,20.3,10.4,4.3,8.1,0.0,0.0,1.8,3.6,2.1,4.1,0.7,0.4,1.5,1.4,1
Terrell Brandon,82,19.6,7.4,3.1,7.3,0.0,0.3,1.2,1.5,0.6,1.4,3.9,1.0,0.3,1.7,1
Bison Dele,48,18.9,9.1,3.6,6.8,0.0,0.0,2.0,3.0,2.4,3.3,0.7,0.8,1.1,1.8,1
Spencer Dinwiddie,34,13.4,4.3,1.5,5.0,0.4,1.9,0.9,1.0,0.1,1.3,3.1,0.6,0.2,1.0,0
Tracy Moore,42,18.6,8.5,3.1,7.7,0.7,2.0,1.5,1.9,0.7,1.2,1.1,0.8,0.1,1.1,1
Greg Anthony,82,18.4,5.5,2.0,5.3,0.1,0.7,1.4,1.9,0.4,1.3,3.8,0.7,0.1,1.2,1
Kenny Anderson,64,17.0,7.0,2.9,7.5,0.0,0.2,1.1,1.5,0.6,1.4,3.2,1.1,0.1,1.5,1
Victor Alexander,80,16.9,7.4,3.0,5.7,0.0,0.0,1.3,1.9,1.3,2.9,0.4,0.6,0.8,1.1,1
David Benoit,77,15.1,5.6,2.3,4.9,0.0,0.2,1.1,1.3,1.4,2.5,0.4,0.3,0.6,0.9,1
Kevin Lynch,55,14.9,4.1,1.7,4.1,0.1,0.1,0.6,0.8,0.5,1.0,1.5,0.7,0.2,0.8,0
LaBradford Smith,48,14.8,5.1,2.1,5.1,0.0,0.4,0.9,1.2,0.6,1.1,2.1,0.9,0.0,1.3,0
Chris Corchiani,51,14.5,5.0,1.5,3.8,0.2,0.7,1.8,2.0,0.4,1.2,2.8,0.9,0.0,1.4,0
Travis Wear,51,13.2,3.9,1.6,4.1,0.2,0.6,0.4,0.5,0.6,1.5,0.8,0.3,0.2,0.7,0
Robert Pack,72,12.4,4.6,1.6,3.8,0.0,0.1,1.4,1.8,0.4,0.9,1.9,0.6,0.1,1.3,1
Pete Chilcutt,69,11.8,3.6,1.6,3.6,0.0,0.0,0.3,0.4,1.1,1.6,0.6,0.5,0.3,0.6,1
Chris Gatling,54,11.3,5.7,2.2,3.8,0.0,0.1,1.3,2.0,1.4,2.0,0.3,0.6,0.7,0.8,1
Tharon Mayes,24,10.6,4.1,1.3,4.1,0.6,1.7,1.0,1.5,0.1,0.5,1.5,0.7,0.1,1.3,0
Eric Murdock,50,9.6,4.1,1.5,3.7,0.1,0.5,0.9,1.2,0.4,0.7,1.8,0.6,0.1,1.0,1
Randy Brown,56,9.6,3.4,1.4,3.0,0.0,0.1,0.7,1.0,0.5,0.8,1.1,0.6,0.2,0.8,1
Greg Sutton,67,9.0,3.7,1.4,3.6,0.4,1.3,0.5,0.7,0.1,0.6,1.4,0.4,0.1,1.0,0
Elliot Perry,50,8.7,2.5,1.0,2.6,0.0,0.1,0.5,0.8,0.3,0.5,1.6,0.7,0.1,1.0,1
Marty Conlon,45,8.5,2.7,1.1,2.2,0.0,0.0,0.5,0.7,0.7,0.8,0.3,0.2,0.2,0.6,1
Rodney Monroe,38,8.2,3.4,1.4,3.8,0.2,0.7,0.5,0.6,0.3,0.6,0.7,0.3,0.1,0.6,0
John Turner,42,8.2,2.8,1.0,2.3,0.0,0.0,0.7,1.4,0.9,1.0,0.3,0.1,0.1,0.8,0
Mark Randall,54,8.2,3.2,1.3,2.8,0.1,0.3,0.6,0.8,0.7,0.6,0.6,0.2,0.1,0.5,0
Sean Green,35,7.3,4.0,1.8,4.5,0.1,0.3,0.4,0.8,0.6,0.6,0.6,0.4,0.2,0.8,0
Kevin Brooks,37,7.3,2.8,1.2,2.6,0.1,0.3,0.5,0.6,0.4,0.7,0.3,0.2,0.1,0.5,0
Doug Lee,46,6.7,2.6,1.1,2.5,0.2,0.8,0.2,0.4,0.4,0.4,0.5,0.2,0.0,0.3,0
Corey Crowder,51,6.4,2.2,0.8,2.2,0.3,0.6,0.3,0.4,0.3,0.5,0.3,0.1,0.0,0.3,0
Rich King,40,5.3,2.2,0.7,1.8,0.0,0.0,0.9,1.1,0.5,0.7,0.3,0.1,0.1,0.5,0
Stephen Thompson,19,4.8,1.6,0.7,1.9,0.0,0.1,0.2,0.4,0.6,0.4,0.4,0.3,0.2,0.3,0
Charles Thomas,36,4.3,1.3,0.5,1.4,0.1,0.5,0.3,0.4,0.2,0.4,0.6,0.1,0.0,0.5,0
Lionel Simmons,79,37.7,18.0,6.9,16.5,0.0,0.1,4.1,5.5,2.4,6.4,4.0,1.4,1.1,2.9,1
Gary Harris,55,13.1,3.4,1.2,3.9,0.4,1.9,0.6,0.9,0.4,0.8,0.5,0.7,0.1,0.7,0
Derrick Coleman,74,35.2,18.4,6.9,14.9,0.2,0.5,4.4,6.0,3.6,6.6,2.2,1.0,1.3,2.9,1
Travis Mays,64,33.5,14.3,4.6,11.3,1.1,3.1,4.0,5.2,0.8,1.9,4.0,1.3,0.2,2.5,0
Dennis Scott,82,28.5,15.7,6.1,14.4,1.5,4.1,1.9,2.5,0.8,2.1,1.6,0.8,0.3,1.6,1
Gary Payton*,82,27.4,7.2,3.2,7.0,0.0,0.2,0.8,1.2,1.3,1.6,6.4,2.0,0.2,2.2,1
Felton Spencer,81,25.9,7.1,2.4,4.7,0.0,0.0,2.2,3.1,3.4,4.6,0.3,0.6,1.5,0.9,1
Willie Burton,76,25.4,12.0,4.5,10.2,0.1,0.4,3.0,3.9,1.5,2.0,1.4,0.9,0.3,1.9,1
Dee Brown,82,23.7,8.7,3.5,7.5,0.1,0.4,1.7,1.9,0.5,1.7,4.2,1.0,0.2,1.7,0
Dee Brown,49,9.2,1.9,0.7,2.0,0.1,0.6,0.5,0.8,0.2,0.7,1.7,0.5,0.1,0.6,0
Kendall Gill,82,23.7,11.0,4.6,10.2,0.0,0.2,1.9,2.2,1.3,1.9,3.7,1.3,0.5,2.0,1
Duane Causwell,76,22.6,6.9,2.8,5.4,0.0,0.0,1.4,2.2,1.9,3.3,0.9,0.6,1.9,1.3,1
Mahmoud Abdul-Rauf,67,22.5,14.1,6.2,15.1,0.4,1.5,1.3,1.5,0.5,1.3,3.1,0.8,0.1,1.6,1
A.J. English,70,20.6,8.8,3.6,8.2,0.0,0.4,1.6,2.2,0.9,1.2,2.5,0.4,0.2,1.6,0
Danny Ferry,81,20.5,8.6,3.4,7.9,0.3,1.0,1.5,1.9,1.2,2.3,1.8,0.5,0.3,1.5,1
Mario Elie,33,19.5,7.2,2.4,4.8,0.1,0.3,2.3,2.7,1.4,1.9,1.4,0.6,0.3,0.9,1
Anthony Cook,58,19.3,5.3,2.0,4.9,0.0,0.1,1.2,2.2,2.3,3.3,0.4,0.6,1.2,0.9,0
Gerald Paddio,70,16.9,7.2,3.0,7.2,0.1,0.3,1.1,1.3,0.5,1.1,1.3,0.3,0.1,1.0,0
Bimbo Coles,82,16.5,4.9,2.0,4.8,0.1,0.4,0.9,1.2,0.7,1.2,2.8,0.8,0.1,1.2,1
Bo Kimble,62,16.2,6.9,2.6,6.7,0.3,1.0,1.5,1.9,0.7,1.2,1.2,0.5,0.1,1.2,0
Alec Kessler,78,16.1,6.2,2.6,6.0,0.0,0.1,1.1,1.7,1.5,2.8,0.4,0.2,0.3,1.4,0
Loy Vaught,73,16.1,5.5,2.4,4.9,0.0,0.0,0.7,1.0,1.7,3.1,0.5,0.3,0.3,0.7,1
Tyrone Hill,74,16.1,5.3,2.0,4.0,0.0,0.0,1.3,2.1,2.1,3.1,0.3,0.5,0.4,1.0,1
Marcus Liberty,76,15.4,6.7,2.8,6.8,0.2,0.8,0.8,1.2,1.5,1.4,0.8,0.6,0.3,0.9,0
Terry Mills,55,14.9,5.7,2.4,5.2,0.0,0.1,0.9,1.2,1.5,2.7,0.6,0.6,0.5,0.8,1
Jamal Robinson,47,14.3,5.6,2.3,5.1,0.0,0.2,1.0,1.7,0.4,1.1,2.8,0.7,0.2,1.6,0
Henry James,37,13.6,8.1,3.0,6.9,0.6,1.6,1.4,1.9,0.7,1.4,0.9,0.4,0.1,1.0,1
Jerrod Mustaf,62,13.3,4.3,1.7,3.7,0.0,0.0,0.9,1.4,0.8,1.9,0.6,0.2,0.2,1.0,0
Kevin Pritchard,62,12.5,3.9,1.4,3.7,0.1,0.5,1.0,1.2,0.3,0.8,1.3,0.5,0.1,0.9,0
Gerald Glass,51,11.9,6.9,2.9,6.7,0.0,0.3,1.0,1.5,1.1,0.9,0.8,0.6,0.2,0.8,0
Larry Robinson,36,11.8,3.9,1.7,4.2,0.0,0.0,0.4,0.8,0.8,0.6,1.0,0.4,0.0,0.8,1
Jud Buechler,74,11.6,3.1,1.3,3.1,0.0,0.1,0.6,0.9,0.8,1.1,0.7,0.5,0.2,0.3,1
Cedric Ceballos,63,11.6,8.2,3.2,6.7,0.0,0.1,1.7,2.6,1.2,1.2,0.6,0.3,0.1,1.1,1
Kyle Anderson,33,10.8,2.2,0.9,2.7,0.1,0.3,0.3,0.4,0.2,2.0,0.8,0.5,0.2,0.3,0
Greg Foster,54,11.2,4.4,1.8,3.9,0.0,0.1,0.8,1.1,1.0,1.8,0.7,0.2,0.4,0.8,1
Brian Oliver,73,11.0,3.8,1.5,3.7,0.1,0.2,0.7,1.0,0.2,0.8,1.2,0.5,0.1,0.7,0
Howard Wright,15,10.9,3.6,1.3,3.1,0.0,0.1,1.1,1.6,0.8,2.2,0.2,0.3,0.3,0.7,0
Tony Smith,64,10.9,3.7,1.5,3.4,0.0,0.1,0.6,0.9,0.4,0.7,2.1,0.4,0.2,1.1,1
Tate George,56,10.6,3.4,1.4,3.4,0.0,0.0,0.6,0.7,0.3,0.5,1.9,0.5,0.1,0.8,0
Rick Calloway,64,10.6,3.2,1.2,3.0,0.0,0.0,0.9,1.2,0.4,0.8,1.0,0.3,0.1,0.8,0
Steve Henson,68,10.1,3.1,1.2,2.8,0.3,0.8,0.6,0.6,0.2,0.5,1.9,0.5,0.0,0.6,1
Andy Toolson,47,10.0,2.9,1.1,2.6,0.3,0.7,0.5,0.7,0.7,0.7,0.7,0.3,0.0,0.5,0
Jayson Williams,52,9.8,3.5,1.4,3.1,0.0,0.0,0.7,1.1,0.8,1.3,0.3,0.2,0.1,0.8,1
Kennard Winchester,64,9.5,3.7,1.5,3.8,0.1,0.3,0.5,0.7,0.5,0.5,0.4,0.3,0.2,0.5,0
Johnny O'Bryant,34,10.8,2.9,1.3,3.5,0.0,0.0,0.4,0.8,0.8,1.1,0.5,0.1,0.1,0.7,0
Dwayne Schintzius,42,9.5,3.8,1.6,3.7,0.0,0.0,0.5,1.0,0.7,2.2,0.4,0.1,0.7,0.8,1
Sean Higgins,50,9.3,4.5,1.9,4.2,0.1,0.4,0.6,0.7,0.4,0.9,0.7,0.2,0.0,1.0,1
Elden Campbell,52,7.3,2.8,1.1,2.4,0.0,0.0,0.6,0.9,0.8,1.1,0.2,0.2,0.7,0.3,1
Kenny Williams,75,7.0,2.9,1.2,2.4,0.0,0.0,0.5,0.7,0.7,1.0,0.4,0.1,0.4,0.6,0
Keith Askins,39,6.8,2.2,0.9,2.1,0.2,0.6,0.3,0.6,0.8,1.0,0.5,0.4,0.3,0.3,1
Scott Williams,51,6.6,2.5,1.0,2.0,0.0,0.0,0.4,0.5,0.8,1.1,0.3,0.2,0.3,0.5,1
Richard Coffey,52,6.2,1.3,0.5,1.4,0.0,0.0,0.2,0.4,0.8,0.7,0.1,0.1,0.1,0.1,0
Steve Scheffler,39,5.8,1.5,0.5,1.0,0.0,0.0,0.5,0.5,0.5,0.6,0.2,0.1,0.1,0.1,1
David Robinson*,82,36.6,24.3,8.4,15.9,0.0,0.0,7.5,10.2,3.7,8.3,2.0,1.7,3.9,3.1,1
James Young,31,10.7,3.4,1.2,3.3,0.5,2.1,0.5,0.9,0.3,1.1,0.4,0.3,0.1,0.2,0
Tim Hardaway,79,33.7,14.7,5.9,12.5,0.3,1.1,2.7,3.5,0.7,3.2,8.7,2.1,0.1,3.3,0
J.R. Reid,82,33.6,11.1,4.4,9.9,0.0,0.1,2.3,3.5,2.4,6.0,1.2,1.1,0.7,2.1,1
Pooh Richardson,82,31.5,11.4,5.2,11.3,0.3,1.0,0.8,1.3,0.7,2.0,6.8,1.6,0.3,1.7,1
Sherman Douglas,81,30.5,14.3,5.7,11.6,0.1,0.4,2.8,4.0,0.9,1.7,7.6,1.8,0.1,3.0,1
Sam Mitchell,80,30.2,12.7,4.7,10.4,0.0,0.1,3.4,4.4,2.3,3.5,1.1,0.8,0.7,1.2,1
Glen Rice,77,30.0,13.6,6.1,13.9,0.2,0.9,1.2,1.6,1.3,3.3,1.8,0.9,0.3,1.5,1
Mookie Blaylock,50,25.3,10.1,4.2,11.4,0.4,1.6,1.3,1.6,0.8,2.0,4.2,1.6,0.3,2.2,1
Sean Elliott,81,25.1,10.0,3.8,8.0,0.0,0.1,2.3,2.7,1.6,2.1,1.9,0.6,0.2,1.4,1
Blue Edwards,82,23.0,8.9,3.5,6.9,0.1,0.4,1.8,2.5,0.8,2.2,1.8,0.9,0.4,1.9,1
Cory Jefferson,50,10.6,3.7,1.5,3.3,0.0,0.3,0.6,1.1,0.9,2.0,0.3,0.2,0.4,0.4,0
Nick Anderson,81,22.0,11.5,4.6,9.3,0.0,0.2,2.3,3.3,1.3,2.6,1.5,0.8,0.4,1.7,1
Stacey King,82,21.7,8.9,3.3,6.5,0.0,0.0,2.4,3.3,2.1,2.6,1.1,0.5,0.7,1.4,1
Dana Barros,81,20.1,9.7,3.7,9.1,1.2,2.9,1.1,1.4,0.4,1.2,2.5,0.7,0.0,1.5,1
Jeff Martin,69,19.6,6.3,2.5,6.0,0.0,0.2,1.3,1.9,1.1,1.2,0.6,0.6,0.2,0.7,0
Clifford Robinson,82,19.1,9.1,3.6,9.2,0.1,0.5,1.7,3.1,1.3,2.4,0.9,0.7,0.7,1.6,1
Winston Bennett,55,18.0,6.1,2.5,5.2,0.0,0.0,1.2,1.7,1.5,1.9,1.0,0.4,0.2,1.1,0
Chucky Brown,75,17.9,7.3,2.8,6.0,0.0,0.1,1.7,2.2,1.1,2.0,0.7,0.4,0.3,0.9,1
Michael Ansley,72,17.0,8.7,3.2,6.5,0.0,0.0,2.3,3.2,2.6,2.4,0.6,0.3,0.2,0.7,0
Todd Lichti,79,16.8,8.0,3.2,6.5,0.0,0.2,1.6,2.2,0.6,1.3,1.5,0.7,0.2,1.2,1
Noah Vonleh,25,10.4,3.3,1.2,3.0,0.2,0.5,0.7,1.0,1.1,2.3,0.2,0.2,0.4,0.4,0
B.J. Armstrong,81,15.9,5.6,2.3,4.8,0.0,0.1,0.9,1.0,0.2,1.0,2.5,0.6,0.1,1.0,1
Terry Davis,63,14.0,4.7,1.9,4.2,0.0,0.0,0.9,1.4,1.5,2.2,0.4,0.4,0.4,1.1,1
Shawn Kemp,81,13.8,6.5,2.5,5.2,0.0,0.1,1.4,2.0,1.8,2.5,0.3,0.6,0.9,1.3,1
Tom Hammonds,61,13.2,5.3,2.1,4.8,0.0,0.0,1.0,1.6,1.0,1.8,0.8,0.2,0.2,0.8,1
Scott Haffner,43,13.0,4.6,2.0,5.0,0.1,0.5,0.4,0.6,0.2,1.0,1.9,0.3,0.1,0.8,0
Randy White,55,12.9,4.3,1.7,4.6,0.0,0.3,0.9,1.6,1.4,1.7,0.4,0.4,0.1,0.8,1
Kenny Battle,59,12.4,4.1,1.6,2.9,0.0,0.1,0.9,1.4,0.7,1.4,0.6,0.6,0.2,0.5,0
Donald Royal,66,11.3,5.9,1.8,3.9,0.0,0.0,2.3,3.0,1.0,1.0,0.7,0.5,0.1,1.2,1
Michael Carter-Williams,70,34.5,16.7,6.1,15.1,0.8,3.0,3.7,5.2,1.4,4.8,6.3,1.9,0.6,3.5,0
Delaney Rudd,77,11.0,3.5,1.4,3.4,0.2,0.7,0.5,0.7,0.2,0.6,2.3,0.3,0.0,1.1,0
John Morton,37,10.9,3.9,1.3,4.4,0.2,0.8,1.2,1.7,0.2,0.7,1.8,0.5,0.1,1.4,0
Greg Grant,67,10.1,3.1,1.2,3.2,0.0,0.2,0.6,0.9,0.2,0.6,2.5,0.5,0.0,1.1,1
Doug Roth,42,9.8,1.9,0.9,2.0,0.0,0.0,0.2,0.3,1.0,1.8,0.5,0.2,0.3,0.4,0
Byron Irvin,50,9.8,5.2,1.9,4.1,0.1,0.3,1.2,1.8,0.6,0.9,0.9,0.6,0.0,0.8,0
Michael Smith,65,9.5,5.0,2.1,4.4,0.0,0.4,0.8,1.0,0.6,0.9,1.2,0.1,0.0,0.8,0
Michael Smith,82,21.2,6.9,2.7,5.0,0.0,0.0,1.5,3.2,2.1,3.8,0.8,0.7,0.6,1.3,0
George McCloud,44,9.4,2.7,1.0,3.3,0.3,0.9,0.3,0.4,0.3,0.7,1.0,0.4,0.1,0.8,1
Henry Turner,36,8.8,4.3,1.6,3.4,0.0,0.1,1.1,1.8,0.6,0.8,0.6,0.5,0.2,0.7,0
Charles Smith,60,8.7,2.9,1.0,2.2,0.0,0.1,0.9,1.3,0.2,0.9,1.7,0.6,0.1,0.6,1
Charles Smith,71,30.4,16.3,6.1,12.4,0.0,0.0,4.0,5.5,2.4,4.1,1.5,1.0,1.3,2.1,1
Charles Smith,34,8.6,3.5,1.4,3.7,0.4,1.4,0.2,0.3,0.4,0.4,0.6,0.3,0.2,0.8,1
Ed Horton,45,8.3,4.5,1.8,3.6,0.0,0.1,0.9,1.5,1.3,1.1,0.4,0.2,0.1,0.9,0
Trey Burke,70,32.3,12.8,4.9,12.8,1.6,4.8,1.5,1.6,0.5,2.4,5.7,0.6,0.1,1.9,0
Frank Kornet,57,7.7,2.0,0.7,2.0,0.1,0.4,0.4,0.7,0.4,0.8,0.4,0.3,0.1,0.4,0
Doug West,52,7.3,2.6,1.0,2.6,0.1,0.2,0.5,0.6,0.5,0.9,0.3,0.2,0.1,0.6,1
Adrian Caldwell,51,6.5,1.9,0.8,1.5,0.0,0.0,0.3,0.5,0.7,1.4,0.1,0.2,0.3,0.6,1
Kenny Payne,35,6.2,3.3,1.3,3.1,0.1,0.3,0.5,0.5,0.3,0.4,0.3,0.2,0.2,0.6,0
Eric Johnson,48,5.7,1.1,0.4,1.8,0.0,0.1,0.3,0.4,0.2,0.4,1.3,0.3,0.0,0.5,0
Mike Williams,21,4.9,0.7,0.3,0.9,0.0,0.0,0.1,0.3,0.2,0.9,0.1,0.1,0.3,0.1,0
Mike Morrison,36,4.3,2.0,0.6,1.9,0.1,0.2,0.7,0.8,0.2,0.4,0.3,0.1,0.0,0.6,0
Nate Johnston,21,4.1,2.2,0.9,2.3,0.0,0.2,0.4,0.6,0.6,0.5,0.0,0.1,0.4,0.3,0
Mitch Richmond*,79,34.4,22.0,8.2,17.5,0.4,1.1,5.2,6.4,2.0,3.9,4.2,1.0,0.2,3.4,1
Willie Anderson,81,33.8,18.6,7.9,15.9,0.0,0.3,2.8,3.6,1.9,3.3,4.6,1.9,0.8,3.2,1
Victor Oladipo,80,31.1,13.8,4.9,11.7,0.9,2.8,3.1,4.0,0.5,3.6,4.1,1.6,0.5,3.2,0
Hersey Hawkins,79,32.6,15.1,5.6,12.3,0.9,2.1,3.1,3.7,0.6,2.2,3.0,1.5,0.5,2.0,1
Kevin Edwards,79,29.7,13.8,5.9,14.0,0.1,0.5,1.8,2.4,1.1,2.2,4.4,1.8,0.3,3.1,1
Grant Long,82,29.7,11.9,4.1,8.4,0.0,0.1,3.7,5.0,2.9,3.7,1.8,1.5,0.6,2.5,1
Rex Chapman,75,29.6,16.9,7.0,16.9,0.8,2.5,2.1,2.6,1.0,1.5,2.3,0.9,0.3,1.5,1
Brian Shaw,82,28.1,8.6,3.6,8.4,0.0,0.2,1.3,1.6,1.5,3.1,5.8,0.9,0.3,2.3,1
Chris Morris,76,27.6,14.1,5.4,11.9,0.8,2.3,2.4,3.3,2.5,2.8,1.6,1.3,0.8,2.5,1
Gary Grant,71,27.1,11.9,5.1,11.7,0.1,0.3,1.7,2.3,1.1,2.2,7.1,2.0,0.1,3.6,1
Vernon Maxwell,79,26.1,11.7,4.5,10.5,0.4,1.6,2.3,3.1,0.6,1.9,3.8,1.1,0.1,2.3,1
Ben McLemore,82,26.7,8.8,3.1,8.3,1.2,3.6,1.4,1.7,0.6,2.2,1.0,0.6,0.2,1.2,0
Dan Majerle,54,25.1,8.6,3.4,8.0,0.5,1.5,1.4,2.4,1.1,2.7,2.4,1.2,0.3,0.9,1
Sylvester Gray,55,22.2,8.0,3.0,7.2,0.0,0.1,1.9,2.8,2.1,3.1,2.1,0.7,0.5,1.9,0
Ricky Berry,64,22.0,11.0,4.0,8.9,1.0,2.5,2.0,2.6,0.9,2.2,1.3,0.6,0.3,1.3,0
Tom Garrick,71,21.1,6.4,2.5,5.1,0.0,0.2,1.4,1.8,0.5,1.7,3.4,1.1,0.1,1.6,0
Michael Anderson,36,20.3,5.7,2.0,4.9,0.0,0.2,1.6,2.3,1.2,1.3,4.3,1.2,0.1,2.3,0
Michael Anderson,65,18.5,7.4,2.9,5.8,0.0,0.1,1.5,2.7,1.8,2.7,1.0,1.0,0.3,1.2,0
Vinny Del Negro,80,19.5,7.1,3.0,6.3,0.1,0.3,1.1,1.3,0.6,1.5,2.6,0.8,0.2,1.0,1
Kelvin Upshaw,32,19.3,6.8,3.1,6.6,0.1,0.5,0.6,0.8,0.3,1.2,3.7,0.8,0.1,1.7,0
Derrick Chievous,81,19.0,9.3,3.4,7.8,0.1,0.3,2.4,3.0,1.4,1.8,1.0,0.6,0.1,1.7,0
Ledell Eackles,80,18.2,11.5,4.0,9.2,0.1,0.5,3.4,4.3,1.3,1.0,1.5,0.5,0.1,1.6,1
Harvey Grant,71,16.8,5.6,2.5,5.5,0.0,0.0,0.5,0.8,1.1,1.2,1.1,0.5,0.4,0.4,1
Rod Strickland,81,16.8,8.9,3.3,7.0,0.2,0.7,2.1,2.9,0.6,1.3,3.9,1.2,0.0,1.8,1
Scott Brooks,82,16.7,5.2,1.9,4.5,0.7,1.9,0.7,0.8,0.2,0.9,3.7,0.8,0.0,0.8,1
Todd Mitchell,24,14.7,5.1,1.8,4.0,0.0,0.0,1.5,2.7,0.8,1.3,0.9,0.7,0.1,1.4,0
John Shasky,65,14.5,5.5,1.9,3.8,0.0,0.0,1.8,2.6,1.5,2.1,0.3,0.2,0.2,0.7,0
Mark Bryant,56,14.3,5.0,2.1,4.4,0.0,0.0,0.7,1.2,1.2,2.0,0.6,0.4,0.1,0.7,1
Mark Bryant,36,7.0,1.6,0.7,1.6,0.0,0.0,0.3,0.4,0.7,1.2,0.2,0.1,0.1,0.3,1
Shelton Jones,51,13.4,4.8,1.8,4.1,0.0,0.0,1.1,1.6,0.6,1.6,0.8,0.4,0.3,0.9,0
Eric Leckner,75,10.4,4.3,1.6,2.9,0.0,0.0,1.1,1.5,0.6,2.0,0.2,0.1,0.3,0.9,1
Jerome Lane,54,10.2,4.8,2.0,4.7,0.0,0.1,0.8,2.1,1.6,2.1,1.1,0.4,0.1,0.9,1
Tim Perry,62,9.9,4.1,1.7,3.2,0.0,0.1,0.6,1.0,1.0,1.1,0.3,0.3,0.5,0.6,1
Jim Les,82,9.5,1.7,0.5,1.6,0.0,0.2,0.7,0.9,0.3,0.8,2.6,0.3,0.1,1.1,1
Craig Neal,53,9.4,2.2,0.8,2.3,0.2,0.6,0.3,0.4,0.1,0.4,2.2,0.5,0.1,1.0,0
David Rivers,47,9.4,2.9,1.0,2.6,0.0,0.1,0.7,0.9,0.3,0.6,2.3,0.5,0.2,1.3,0
John Starks,36,8.8,4.1,1.4,3.5,0.3,0.7,0.9,1.4,0.4,0.7,0.8,0.6,0.1,1.1,1
Andrew Lang,62,8.5,2.6,1.0,1.9,0.0,0.0,0.6,1.0,0.9,1.5,0.1,0.3,0.8,0.5,1
Bill Jones,37,8.3,3.5,1.4,2.8,0.0,0.0,0.8,1.2,0.5,0.7,0.5,0.5,0.2,0.5,0
Charles Shackleford,60,8.1,3.1,1.4,2.8,0.0,0.0,0.4,0.7,0.8,1.7,0.4,0.3,0.3,0.5,1
Morlon Wiley,51,8.0,2.2,0.9,2.2,0.1,0.5,0.3,0.3,0.3,0.7,1.5,0.5,0.1,0.7,1
Randolph Keys,42,7.9,4.0,1.8,4.1,0.0,0.2,0.5,0.7,0.5,0.8,0.5,0.3,0.1,0.5,1
Mark Davis,33,7.8,3.8,1.5,3.1,0.0,0.3,0.8,1.0,0.5,0.6,0.4,0.4,0.1,0.4,1
Mark Davis,57,10.0,3.3,1.0,2.6,0.1,0.2,1.3,2.0,1.0,1.2,0.8,0.7,0.4,1.2,1
Troy Williams,24,17.4,5.3,2.1,5.1,0.4,1.7,0.6,1.0,0.3,1.6,0.8,1.0,0.4,1.1,0
Hollis Thompson,77,22.6,6.0,2.2,4.8,0.9,2.2,0.7,0.9,0.9,2.3,0.9,0.7,0.2,0.8,0
Ron Grandison,72,7.3,2.5,0.8,2.0,0.0,0.1,0.8,1.1,0.7,0.6,0.6,0.3,0.0,0.5,0
Micheal Williams,49,7.3,2.6,1.0,2.6,0.0,0.2,0.6,1.0,0.2,0.4,1.4,0.3,0.1,0.9,1
Anthony Frederick,46,6.8,3.3,1.4,2.7,0.0,0.1,0.5,0.7,0.6,0.6,0.4,0.3,0.1,0.7,0
Avery Johnson,43,6.8,1.6,0.7,1.9,0.0,0.2,0.2,0.4,0.3,0.3,1.7,0.5,0.1,0.4,1
Everette Stephens,35,6.0,1.9,0.7,2.1,0.1,0.3,0.5,0.6,0.3,0.3,1.1,0.3,0.1,0.8,0
Jack Haley,51,5.7,2.2,0.7,1.5,0.0,0.0,0.7,0.9,0.4,1.0,0.2,0.2,0.0,0.5,1
Duane Ferrell,41,5.6,2.4,0.9,2.0,0.0,0.0,0.7,1.1,0.5,0.5,0.2,0.2,0.1,0.3,1
Mark Jackson,82,39.6,13.6,5.3,12.4,0.4,1.5,2.5,3.2,1.5,3.4,10.6,2.5,0.1,3.1,1
Kenny Smith,61,35.6,13.8,5.4,11.4,0.2,0.6,2.7,3.3,0.7,1.6,7.1,1.5,0.1,3.0,1
Nate Wolters,58,22.6,7.2,2.9,6.7,0.3,1.1,1.0,1.6,0.6,2.0,3.2,0.6,0.3,1.0,0
Armen Gilliam,55,32.9,14.8,6.2,13.1,0.0,0.0,2.4,3.5,2.4,5.5,1.3,1.1,0.5,2.2,1
Winston Garland,67,31.7,12.4,5.1,11.6,0.2,0.6,2.1,2.3,1.0,2.4,6.4,1.7,0.1,2.5,1
Joe Wolf,42,27.1,7.6,3.2,8.0,0.1,0.4,1.1,1.3,1.2,3.2,2.3,0.9,0.4,1.8,1
Reggie Williams,35,24.5,10.4,4.3,12.2,0.4,1.7,1.4,1.9,1.6,1.8,1.7,0.8,0.6,1.8,1
Greg Anderson,82,24.2,11.7,4.6,9.2,0.0,0.1,2.4,4.0,2.0,4.3,1.0,0.7,1.5,1.7,1
Kevin Johnson,80,24.0,9.2,3.4,7.5,0.1,0.3,2.2,2.6,0.5,1.9,5.5,1.3,0.3,1.8,1
Horace Grant,81,22.6,7.7,3.1,6.3,0.0,0.0,1.4,2.2,1.9,3.6,1.1,0.6,0.7,1.1,1
Reggie Miller*,82,22.4,10.0,3.7,7.6,0.7,2.1,1.8,2.3,1.2,1.2,1.6,0.7,0.2,1.2,1
Dennis Hopson,61,22.4,9.6,3.6,9.0,0.2,0.7,2.1,2.9,1.0,1.3,1.9,0.9,0.4,1.9,1
Ken Norman,66,21.7,8.6,3.7,7.6,0.0,0.2,1.3,2.6,1.5,2.5,1.2,0.7,0.5,1.6,1
Ryan Kelly,59,22.2,8.0,2.7,6.3,0.8,2.4,1.9,2.3,0.7,3.0,1.6,0.5,0.8,0.8,0
Scottie Pippen*,79,20.9,7.9,3.3,7.1,0.1,0.3,1.3,2.2,1.5,2.3,2.1,1.1,0.7,1.7,1
Derrick McKey,82,20.8,8.5,3.1,6.3,0.1,0.4,2.1,2.7,1.4,2.6,1.3,0.8,0.8,1.3,1
Muggsy Bogues,79,20.6,5.0,2.1,5.4,0.0,0.2,0.7,0.9,0.4,1.3,5.1,1.6,0.0,1.3,1
Tellis Frank,78,20.5,8.1,3.1,7.2,0.0,0.0,1.9,2.7,1.2,3.0,1.4,0.7,0.3,1.4,1
Ricky Wilson,24,17.5,5.2,1.8,4.6,0.4,1.1,1.2,1.7,0.1,1.0,2.9,1.0,0.1,1.0,0
Dave Hoppen,39,16.5,5.7,2.2,4.7,0.0,0.0,1.4,1.6,1.5,3.0,0.8,0.3,0.1,0.9,1
Dallas Comegys,75,15.0,5.6,2.1,4.8,0.0,0.0,1.4,2.0,0.7,2.2,0.9,0.5,0.9,1.6,0
Mark Acres,79,14.6,3.6,1.4,2.6,0.0,0.0,0.9,1.4,1.3,2.1,0.5,0.4,0.3,0.7,1
Michael Jackson,58,13.1,2.7,1.1,2.9,0.1,0.4,0.4,0.6,0.3,0.7,3.1,0.3,0.1,1.0,0
Tony White,49,11.9,5.3,2.3,5.1,0.0,0.1,0.8,1.1,0.2,0.4,1.2,0.4,0.0,1.0,0
Brad Lohaus,70,10.3,4.2,1.7,3.5,0.0,0.2,0.7,0.9,0.7,1.3,0.7,0.3,0.6,0.8,1
Milt Wagner,40,9.5,3.8,1.6,3.7,0.1,0.3,0.7,0.7,0.1,0.6,1.5,0.1,0.1,0.6,0
Chris Dudley,55,9.3,3.1,1.2,2.5,0.0,0.0,0.7,1.3,1.3,1.3,0.4,0.2,0.3,0.6,1
Clinton Wheeler,59,8.7,2.5,1.1,2.2,0.0,0.0,0.4,0.6,0.3,0.4,1.7,0.6,0.0,0.9,0
Billy Donovan,44,8.3,2.4,1.0,2.5,0.0,0.2,0.4,0.5,0.1,0.5,2.0,0.4,0.0,0.9,0
Reggie Lewis,49,8.3,4.5,1.8,3.9,0.0,0.1,0.8,1.2,0.6,0.7,0.5,0.3,0.3,0.6,1
Martin Nessley,44,7.6,1.1,0.5,1.2,0.0,0.0,0.2,0.4,0.5,1.3,0.4,0.2,0.3,0.5,0
John Stroeder,41,6.6,1.9,0.7,1.9,0.0,0.0,0.5,0.7,0.6,1.1,0.5,0.1,0.3,0.6,0
Bart Kofoed,36,6.3,1.3,0.5,1.3,0.1,0.2,0.2,0.4,0.1,0.3,0.6,0.2,0.0,0.5,1
Ray McCallum,45,19.9,6.2,2.5,6.7,0.5,1.3,0.7,1.0,0.4,1.4,2.7,0.5,0.2,0.9,0
Ralph Lewis,50,6.2,1.7,0.5,1.7,0.0,0.0,0.6,1.0,0.3,0.7,0.3,0.3,0.1,0.4,0
Ron Harper,82,37.4,22.9,9.0,19.7,0.2,1.1,4.7,6.9,2.1,2.7,4.8,2.5,1.0,4.2,1
Chuck Person,82,36.0,18.8,7.7,16.6,0.6,1.7,2.7,3.6,2.0,6.2,3.6,1.1,0.2,2.6,1
Hot Rod Williams,80,33.9,14.6,5.4,11.2,0.0,0.0,3.7,5.0,2.8,5.1,1.9,0.7,2.1,1.7,1
Brad Daugherty,80,33.7,15.7,6.1,11.3,0.0,0.0,3.5,5.0,1.9,6.2,3.8,0.6,0.8,3.1,1
Nate McMillan,71,27.8,5.3,2.0,4.2,0.0,0.1,1.2,2.0,1.4,3.2,8.2,1.8,0.6,2.2,1
Kenny Walker,68,25.3,10.4,4.2,8.5,0.0,0.1,2.1,2.7,1.7,3.2,1.1,0.7,0.7,1.1,1
Walter Berry,63,25.2,15.9,6.5,12.2,0.0,0.0,3.0,4.6,2.2,2.7,1.7,0.6,0.6,2.4,0
John Williams,78,22.7,9.2,3.6,8.0,0.1,0.5,1.8,2.9,1.7,3.0,2.4,1.6,0.4,1.6,1
Kentavious Caldwell-Pope,80,19.8,5.9,2.3,5.8,0.7,2.3,0.6,0.8,0.5,1.5,0.7,0.9,0.1,0.3,0
Brad Sellers,80,21.9,8.5,3.5,7.6,0.0,0.1,1.6,2.2,1.9,2.7,1.3,0.6,0.8,1.1,1
David Wingate,77,20.9,8.8,3.4,7.8,0.2,0.7,1.9,2.6,0.9,1.1,2.0,1.2,0.3,1.7,1
Johnny Dawkins,81,20.8,10.3,4.1,9.4,0.2,0.6,1.9,2.4,0.7,1.4,3.6,0.8,0.0,1.5,1
William Bedford,50,19.6,6.7,2.8,7.2,0.0,0.0,1.0,1.7,1.6,3.3,1.1,0.4,0.7,1.7,1
Jeff Hornacek,80,19.5,5.3,2.0,4.4,0.2,0.5,1.2,1.5,0.5,1.8,4.5,0.9,0.1,1.9,1
Roy Tarpley,75,18.7,7.5,3.1,6.7,0.0,0.0,1.3,1.9,2.4,4.7,0.7,0.8,1.1,1.4,1
Mark Price,67,18.2,6.9,2.6,6.3,0.3,1.0,1.4,1.7,0.5,1.3,3.0,0.6,0.1,1.6,1
John Salley,82,17.8,5.3,2.0,3.5,0.0,0.0,1.3,2.1,1.3,2.3,0.7,0.5,1.5,0.9,1
Mark Alarie,64,17.3,7.9,3.4,6.9,0.0,0.1,1.0,1.6,1.1,2.2,1.2,0.3,0.4,0.9,1
Ben Coleman,68,15.1,6.6,2.7,4.6,0.0,0.0,1.3,1.8,1.5,2.8,0.5,0.5,0.5,1.4,1
Dennis Rodman*,77,15.0,6.5,2.8,5.1,0.0,0.0,1.0,1.6,2.1,2.2,0.7,0.5,0.6,1.2,1
Larry Krystkowiak,68,14.8,6.6,2.5,5.5,0.0,0.2,1.6,2.2,1.1,2.4,1.3,0.3,0.2,1.0,1
Kenny Gattison,77,14.3,5.2,1.9,4.0,0.0,0.0,1.4,2.2,1.1,2.4,0.5,0.3,0.4,1.1,1
Tim Kempton,66,14.2,4.4,1.5,3.1,0.0,0.0,1.4,2.1,1.1,1.9,0.8,0.6,0.2,0.7,1
Harold Pressley,67,13.6,4.6,2.0,4.7,0.1,0.4,0.5,0.7,1.0,1.6,1.8,0.6,0.3,0.9,0
Kevin Duckworth,65,13.5,5.4,2.0,4.2,0.0,0.0,1.4,2.1,1.2,2.3,0.4,0.3,0.3,1.2,1
Anthony Jones,65,13.2,5.0,2.0,5.0,0.1,0.3,0.8,1.0,0.6,1.0,1.1,0.7,0.3,0.8,0
Mike Brown,62,13.2,4.2,1.7,3.2,0.0,0.0,0.7,1.2,1.1,2.3,0.4,0.3,0.1,0.9,1
Grant Gondrezick,64,13.1,5.5,2.1,4.7,0.1,0.3,1.2,1.7,0.7,1.0,1.3,0.4,0.1,0.9,0
Billy Thompson,59,12.9,5.6,2.4,4.4,0.0,0.0,0.8,1.3,1.2,1.7,1.0,0.3,0.5,1.0,1
Mason Plumlee,70,18.2,7.4,2.8,4.3,0.0,0.0,1.7,2.8,1.4,3.0,0.9,0.7,0.8,1.1,0
Rafael Addison,62,11.5,5.8,2.4,5.3,0.3,0.8,0.8,1.0,0.7,1.0,0.7,0.4,0.1,0.9,1
Chris Washburn,35,11.0,3.8,1.6,4.1,0.0,0.0,0.5,1.5,1.0,1.9,0.5,0.2,0.2,1.1,0
Keith Smith,42,11.0,3.3,1.4,3.6,0.1,0.2,0.5,0.7,0.3,0.5,1.0,0.6,0.1,0.7,0
Johnny Newman,59,10.7,5.0,1.9,4.7,0.0,0.4,1.1,1.3,0.6,0.6,0.5,0.3,0.1,0.8,1
Johnny Rogers,45,10.4,4.2,2.0,4.1,0.0,0.1,0.2,0.3,0.7,1.0,0.6,0.2,0.2,0.4,0
Dell Curry,67,9.5,4.9,2.1,4.9,0.3,0.9,0.4,0.6,0.4,0.7,0.9,0.4,0.1,0.7,1
Buck Johnson,60,8.7,3.8,1.6,3.4,0.0,0.0,0.7,1.0,0.6,0.8,0.7,0.3,0.3,0.6,1
Clinton Smith,41,8.3,3.1,1.2,2.9,0.0,0.0,0.7,0.9,0.6,0.7,1.1,0.3,0.0,0.6,0
Dave Feitl,62,8.0,3.7,1.4,3.3,0.0,0.0,0.9,1.1,0.6,1.3,0.4,0.1,0.1,0.6,1
Bob Martin,43,6.7,3.4,1.2,3.1,0.1,0.3,1.0,1.5,0.3,0.7,0.8,0.3,0.1,0.8,0
Bob Martin,53,10.1,2.1,0.8,1.7,0.0,0.0,0.6,1.0,0.7,1.5,0.3,0.1,0.6,0.6,0
Conner Henry,54,6.0,2.3,0.9,2.5,0.2,0.8,0.3,0.5,0.1,0.5,0.6,0.2,0.0,0.5,0
Patrick Ewing,50,35.4,20.0,7.7,16.3,0.0,0.1,4.5,6.1,2.5,6.5,2.0,1.1,2.1,3.4,0
Xavier McDaniel,82,33.0,17.1,7.0,14.3,0.0,0.1,3.0,4.4,3.7,4.2,2.4,1.2,0.5,3.0,1
Karl Malone*,81,30.6,14.9,6.2,12.5,0.0,0.0,2.4,5.0,2.1,6.7,2.9,1.3,0.5,3.4,1
Wayman Tisdale,81,28.1,14.7,6.4,12.4,0.0,0.0,2.0,2.9,2.4,4.9,1.0,0.4,0.5,2.3,1
Benoit Benjamin,79,26.4,11.1,4.1,8.4,0.0,0.0,2.9,3.9,2.0,5.6,1.0,0.8,2.6,1.8,1
Chris Mullin*,55,25.3,14.0,5.2,11.3,0.1,0.5,3.4,3.8,0.8,1.3,1.9,1.3,0.4,1.4,1
Gerald Wilkins,81,25.0,12.5,5.4,11.5,0.1,0.3,1.6,2.9,1.1,1.4,2.0,0.8,0.1,1.9,1
Joe Dumars*,82,23.9,9.4,3.5,7.3,0.1,0.2,2.3,2.9,0.7,0.7,4.8,0.8,0.1,1.9,1
Cody Zeller,82,17.3,6.0,2.1,4.9,0.0,0.0,1.8,2.4,1.4,2.9,1.1,0.5,0.5,1.1,0
Charles Oakley,77,23.0,9.6,3.6,7.0,0.0,0.0,2.3,3.5,3.3,5.3,1.7,0.9,0.4,2.3,1
Jon Koncak,82,20.7,8.3,3.2,6.3,0.0,0.0,1.9,3.1,2.1,3.6,0.7,0.5,0.8,1.4,1
Keith Lee,58,20.6,7.4,3.1,6.6,0.0,0.2,1.3,1.7,2.0,4.1,1.2,0.5,0.6,1.3,0
Ed Pinckney,80,20.0,8.5,3.2,5.7,0.0,0.0,2.1,3.2,1.2,2.7,1.1,0.9,0.5,1.9,1
A.C. Green,82,18.8,6.4,2.5,4.7,0.0,0.1,1.2,2.0,2.0,2.7,0.7,0.6,0.6,1.2,1
Bob Thornton,71,18.6,4.7,1.8,3.9,0.0,0.0,1.2,2.3,1.6,2.5,0.6,0.4,0.1,1.2,1
Terry Catledge,64,17.1,7.7,3.2,6.7,0.0,0.1,1.4,2.2,1.7,2.6,0.3,0.5,0.1,1.1,1
Spud Webb,79,15.6,7.8,2.5,5.2,0.0,0.1,2.7,3.5,0.3,1.2,4.3,1.0,0.1,2.0,1
Terry Porter,79,15.4,7.1,2.7,5.7,0.2,0.5,1.6,2.0,0.4,1.0,2.5,1.0,0.0,1.3,1
Marquese Chriss,34,17.1,7.0,2.7,6.3,0.6,2.1,1.0,1.7,1.1,2.2,0.5,0.5,0.5,1.2,0
Nick Calathes,71,16.5,4.9,2.0,4.4,0.3,0.9,0.6,1.0,0.3,1.6,2.9,0.9,0.1,1.4,0
Carey Scurry,78,15.0,4.7,1.8,3.9,0.0,0.1,1.0,1.6,1.2,1.9,1.1,1.0,0.8,1.2,0
Dirk Minniefield,76,14.9,5.5,2.2,4.6,0.1,0.5,1.0,1.2,0.6,1.2,3.5,0.9,0.0,1.4,0
Joe Kleine,80,14.8,5.2,2.0,4.3,0.0,0.0,1.2,1.6,1.4,3.3,0.6,0.3,0.4,1.3,1
Alfredrick Hughes,68,12.7,5.2,2.2,5.5,0.0,0.3,0.7,1.2,0.7,0.9,0.9,0.4,0.1,0.9,0
Ken Johnson,64,12.7,4.1,1.8,3.3,0.0,0.0,0.6,1.3,1.4,2.4,0.3,0.2,0.3,0.9,0
Pete Williams,53,10.8,2.8,1.3,2.1,0.0,0.0,0.3,0.8,0.9,1.9,0.3,0.4,0.4,0.4,0
Bill Martin,66,10.5,5.0,2.2,4.5,0.0,0.1,0.7,0.8,0.6,0.9,0.8,0.3,0.1,0.9,0
Tony Snell,77,16.0,4.5,1.7,4.4,0.7,2.3,0.4,0.5,0.2,1.4,0.9,0.4,0.2,0.6,0
Fred Cofield,45,10.4,3.7,1.7,4.1,0.1,0.3,0.3,0.4,0.1,0.9,1.8,0.4,0.1,1.1,0
Dwayne McClain,45,10.2,3.5,1.5,4.0,0.0,0.2,0.4,0.8,0.3,0.4,1.5,0.8,0.1,0.9,0
John Battle,64,10.0,4.3,1.6,3.5,0.0,0.1,1.2,1.6,0.2,0.8,1.2,0.4,0.1,0.7,1
Jerry Reynolds,55,9.2,3.7,1.3,2.9,0.0,0.0,1.1,1.9,0.7,0.8,1.6,0.8,0.3,0.9,1
Steve Harris,57,8.5,4.5,1.8,4.1,0.0,0.1,0.9,0.9,0.4,0.6,0.9,0.4,0.1,0.6,1
Lorenzo Charles,36,7.6,3.4,1.4,2.4,0.0,0.0,0.7,1.0,0.4,0.7,0.2,0.1,0.2,0.5,0
Sam Vincent,57,7.6,3.2,1.0,2.8,0.0,0.1,1.1,1.2,0.2,0.6,1.2,0.3,0.1,0.9,1
Blair Rasmussen,48,6.9,3.2,1.3,3.1,0.0,0.0,0.6,0.8,0.8,1.3,0.3,0.1,0.2,0.8,1
Phil Pressey,75,15.1,2.8,1.0,3.4,0.4,1.4,0.4,0.6,0.3,1.1,3.2,0.9,0.1,1.2,0
Michael Jordan*,82,38.3,28.2,10.2,19.8,0.1,0.6,7.7,9.1,2.0,4.5,5.9,2.4,0.8,3.5,1
Vern Fleming,80,31.1,14.1,5.4,11.5,0.0,0.1,3.3,4.2,1.9,2.2,3.1,1.2,0.1,2.5,1
Sam Bowie,76,29.2,10.0,3.9,7.3,0.0,0.0,2.1,3.0,2.7,5.9,2.8,0.7,2.7,2.3,1
Charles Barkley*,82,28.6,14.0,5.2,9.5,0.0,0.1,3.6,4.9,3.2,5.3,1.9,1.2,1.0,2.5,1
Sam Perkins,82,28.3,11.0,4.2,9.0,0.1,0.4,2.4,3.0,2.3,5.1,1.6,0.8,0.8,1.2,1
Jay Humphries,80,25.8,8.8,3.5,7.8,0.1,0.3,1.8,2.1,0.4,1.7,4.4,1.3,0.1,2.1,1
Melvin Turpin,79,24.7,10.6,4.6,9.0,0.0,0.0,1.4,1.8,2.0,3.8,0.5,0.5,1.1,1.5,1
Otis Thorpe,82,23.4,12.8,5.0,8.4,0.0,0.0,2.8,4.5,2.3,4.5,1.4,0.4,0.5,2.3,1
Kevin Willis,82,21.8,9.3,3.9,8.4,0.0,0.1,1.5,2.2,2.2,4.2,0.4,0.4,0.6,1.3,1
Michael Cage,75,21.5,7.1,2.9,5.3,0.0,0.0,1.3,1.8,1.7,3.5,0.7,0.6,0.4,1.1,1
Alvin Robertson,79,21.3,9.2,3.8,7.6,0.1,0.1,1.6,2.1,1.5,1.9,3.5,1.6,0.3,2.1,1
Tim McCormick,78,20.3,9.3,3.4,6.2,0.0,0.0,2.4,3.4,1.9,3.2,1.0,0.2,0.4,1.5,1
Charles Jones,78,20.1,8.4,3.0,5.8,0.0,0.1,2.3,3.6,1.8,3.3,1.6,0.6,0.8,1.8,1
Charles Jones,29,16.4,3.7,1.3,4.2,0.7,2.1,0.4,0.8,0.3,1.1,1.4,0.6,0.2,1.0,1
Jeff Turner,72,19.8,5.8,2.4,5.2,0.0,0.0,1.1,1.3,1.2,1.8,1.5,0.4,0.1,1.3,1
Tony Brown,82,19.3,6.6,2.6,5.7,0.0,0.1,1.4,2.1,1.8,1.7,1.9,0.7,0.1,1.4,1
Antoine Carr,62,19.3,8.0,3.2,6.0,0.0,0.1,1.6,2.1,1.3,2.5,1.3,0.5,1.3,1.7,1
Steve Colter,78,18.7,7.1,2.8,6.1,0.3,0.9,1.3,1.7,0.5,1.4,3.1,1.0,0.1,1.4,1
Ken Bannister,75,18.7,6.8,2.8,5.9,0.0,0.0,1.2,2.6,1.4,3.0,0.5,0.5,0.5,1.9,1
John Stockton*,82,18.2,5.6,1.9,4.1,0.0,0.1,1.7,2.4,0.3,1.0,5.1,1.3,0.1,1.8,1
Terence Stansbury,74,17.3,7.1,2.8,6.2,0.1,0.3,1.4,1.7,0.5,1.0,1.7,0.6,0.2,1.1,0
Othell Wilson,74,17.0,4.4,1.8,3.9,0.0,0.2,0.7,1.0,0.5,1.3,2.9,1.0,0.2,1.3,0
Eddie Lee Wilkins,54,17.0,5.5,2.1,4.3,0.0,0.0,1.2,2.3,1.6,3.3,0.3,0.4,0.3,1.2,1
Chuck Aleksinas,74,15.1,5.1,2.2,4.6,0.0,0.0,0.7,1.0,1.2,2.5,0.5,0.2,0.2,1.0,0
Ron Anderson,36,14.4,5.8,2.3,5.4,0.0,0.1,1.1,1.4,1.1,1.4,0.9,0.3,0.2,0.9,1
Frank Brickowski,78,14.3,4.9,1.9,3.9,0.0,0.1,1.1,1.6,1.0,2.4,1.3,0.4,0.2,1.3,1
Ozell Jones,67,13.3,3.7,1.6,2.7,0.0,0.0,0.5,1.2,1.0,2.6,0.8,0.5,0.8,0.9,0
Devin Durrant,59,12.8,5.1,1.9,4.6,0.0,0.1,1.2,1.7,0.8,1.3,1.4,0.3,0.2,1.3,0
Jerome Kersey,77,12.4,6.1,2.3,4.8,0.0,0.0,1.5,2.4,1.2,1.4,0.8,0.6,0.4,0.9,1
Ron Cavenall,53,12.3,1.5,0.5,1.6,0.0,0.0,0.4,0.7,1.0,2.1,0.4,0.2,0.8,0.8,0
Jim Petersen,60,11.9,3.2,1.2,2.4,0.0,0.0,0.8,1.1,0.7,1.7,0.5,0.2,0.5,1.2,1
Tony Campbell,56,11.2,5.6,2.3,4.7,0.0,0.0,1.0,1.3,0.7,0.9,0.4,0.5,0.1,1.2,1
Lancaster Gordon,63,10.8,4.1,1.7,4.6,0.0,0.1,0.6,0.8,0.4,0.6,1.4,0.5,0.1,1.1,0
Gary Plummer,66,10.6,3.8,1.4,3.5,0.0,0.1,1.0,1.4,0.8,1.2,0.4,0.2,0.2,0.8,0
Kenny Fields,51,10.5,3.8,1.6,3.7,0.0,0.0,0.5,0.7,0.8,0.8,0.7,0.2,0.2,0.6,0
Cory Blackwell,60,9.2,3.4,1.5,4.0,0.0,0.0,0.5,0.9,0.7,0.9,0.4,0.4,0.1,0.7,0
Bernard Thompson,59,9.1,3.3,1.3,3.6,0.0,0.1,0.7,0.9,0.6,0.7,0.9,0.5,0.2,0.6,1
Peter Thibeaux,51,9.0,4.5,1.8,3.8,0.0,0.0,0.8,1.3,0.6,0.8,0.3,0.2,0.3,0.7,0
Steve Burtt,47,8.9,4.2,1.5,4.0,0.0,0.0,1.1,1.6,0.2,0.4,0.4,0.5,0.1,0.7,0
Leon Wood,38,7.1,3.2,1.3,3.5,0.1,0.8,0.5,0.7,0.1,0.4,1.2,0.2,0.0,0.7,1
Charlie Sitton,43,7.1,2.1,0.9,2.2,0.0,0.0,0.3,0.6,0.6,0.8,0.6,0.2,0.1,0.4,0
Tom Scheffler,39,6.9,1.3,0.5,1.3,0.0,0.0,0.3,0.5,0.5,1.5,0.3,0.2,0.3,0.4,0
Willie White,39,6.0,3.3,1.3,3.2,0.1,0.3,0.5,0.8,0.4,0.5,0.7,0.1,0.1,0.8,0
Rick Carlisle,38,4.7,1.8,0.7,1.8,0.0,0.1,0.4,0.4,0.2,0.3,0.7,0.1,0.0,0.5,1
Ralph Sampson*,82,32.8,21.0,8.7,16.7,0.0,0.0,3.5,5.3,3.6,7.6,2.0,0.8,2.4,3.6,1
Steve Stipanovich,81,30.0,12.0,4.8,10.1,0.0,0.2,2.3,3.0,1.4,5.5,2.1,0.9,0.8,2.0,1
Ennis Whatley,80,27.0,8.4,3.3,7.0,0.0,0.0,1.8,2.5,0.8,1.7,8.3,1.5,0.2,3.4,1
Rodney McCray,79,26.3,10.8,4.2,8.5,0.0,0.1,2.3,3.2,2.2,3.5,2.2,0.7,0.7,1.5,1
Anthony Bonner,52,12.8,4.2,1.5,4.3,0.3,1.0,0.8,1.3,0.9,2.0,0.3,0.4,0.1,0.9,1
Mitchell Wiggins,82,25.9,12.4,4.9,10.9,0.1,0.4,2.6,3.5,1.7,2.3,2.3,1.3,0.1,1.7,1
Thurl Bailey,81,24.8,8.5,3.7,7.3,0.0,0.0,1.1,1.4,1.4,4.3,1.6,0.5,1.5,1.3,1
Jeff Malone,81,24.4,12.1,5.0,11.3,0.3,0.9,1.8,2.1,0.7,1.2,1.9,0.3,0.2,1.4,1
Doc Rivers,81,23.9,9.3,3.1,6.7,0.0,0.1,3.1,4.0,0.9,1.8,3.9,1.6,0.4,2.1,1
Roy Hinson,80,23.2,5.5,2.3,4.6,0.0,0.0,0.9,1.5,2.2,4.1,0.9,0.4,1.8,1.4,1
Byron Scott,74,22.1,10.6,4.5,9.3,0.1,0.5,1.5,1.9,0.7,1.5,2.4,1.1,0.3,1.6,1
Paul Thompson,82,21.1,9.0,3.8,8.1,0.1,0.5,1.4,1.8,1.5,2.3,1.5,0.8,0.5,0.9,0
Derek Harper,82,20.9,5.7,2.4,5.5,0.0,0.3,0.8,1.2,0.6,1.5,2.9,1.2,0.3,1.4,1
Fred Roberts,79,19.4,7.3,2.7,5.1,0.0,0.1,1.8,2.2,1.3,2.6,1.2,0.7,0.5,1.3,1
Rod Foster,80,17.8,8.3,3.3,7.3,0.3,1.1,1.5,1.9,0.5,1.0,2.2,0.7,0.1,1.4,0
Dewayne Dedmon,31,12.6,3.1,1.2,2.7,0.0,0.0,0.7,1.0,1.2,2.9,0.2,0.2,0.7,0.6,0
Jon Sundvold,73,17.6,6.9,3.0,6.7,0.1,0.5,0.9,1.0,0.3,0.9,3.3,0.4,0.0,1.1,1
Clyde Drexler*,82,17.2,7.7,3.1,6.8,0.0,0.0,1.5,2.1,1.4,1.5,1.9,1.3,0.3,1.5,1
Jim Thomas,72,16.9,6.3,2.6,5.6,0.0,0.2,1.1,1.5,0.8,1.3,1.8,0.8,0.1,1.0,0
Darrell Walker,82,16.1,7.9,2.6,6.3,0.0,0.2,2.5,3.2,0.9,1.1,3.5,1.6,0.2,2.4,1
Sidney Lowe,78,15.9,4.2,1.4,3.3,0.0,0.2,1.4,1.8,0.4,1.2,3.4,1.2,0.1,1.4,0
Dale Ellis,67,15.8,8.2,3.4,7.4,0.2,0.4,1.3,1.8,1.6,2.1,0.8,0.6,0.1,1.2,1
Darren Daye,75,15.7,6.1,2.4,5.4,0.0,0.1,1.3,1.8,1.2,1.3,2.3,0.5,0.2,1.3,1
Randy Wittman,78,13.7,4.5,2.1,4.1,0.0,0.1,0.4,0.6,0.2,0.7,0.9,0.2,0.0,0.4,1
Sidney Green,49,13.6,5.2,2.0,4.7,0.0,0.0,1.1,1.6,1.2,2.4,0.5,0.4,0.3,1.2,1
Granville Waiters,78,13.3,3.6,1.6,3.1,0.0,0.0,0.4,0.7,0.8,2.1,0.8,0.3,1.1,0.8,1
C.J. McCollum,38,12.5,5.3,1.9,4.7,0.8,2.1,0.6,0.9,0.2,1.1,0.7,0.4,0.1,0.9,0
Howard Carter,55,12.5,6.2,2.6,5.7,0.1,0.3,0.9,1.1,0.7,0.9,1.3,0.3,0.1,0.8,0
Dane Suttle,40,11.7,6.5,2.7,5.4,0.0,0.1,1.0,1.2,0.5,0.6,1.2,0.5,0.0,0.8,0
Scooter McCray,47,11.1,2.7,1.0,2.6,0.0,0.0,0.7,1.1,1.0,1.5,0.9,0.2,0.4,0.7,0
Sedale Threatt,45,10.3,3.3,1.4,3.3,0.0,0.2,0.5,0.6,0.4,0.5,0.9,0.3,0.0,0.7,1
John Paxson,49,9.3,2.9,1.2,2.8,0.1,0.4,0.3,0.5,0.1,0.6,3.0,0.2,0.0,0.7,1
Leroy Combs,48,9.3,4.5,1.7,3.4,0.0,0.1,1.2,1.9,0.4,0.8,0.8,0.5,0.4,1.0,0
Larry Micheaux,39,8.5,3.1,1.3,2.3,0.0,0.0,0.5,1.0,1.0,1.9,0.5,0.5,0.3,0.5,0
Randy Breuer,57,8.3,2.9,1.2,3.1,0.0,0.0,0.6,0.8,0.8,1.1,0.3,0.2,0.7,0.6,1
Pace Mannion,57,8.2,2.1,0.9,2.2,0.1,0.2,0.3,0.4,0.4,0.6,0.8,0.4,0.0,0.4,1
Kris Dunn,33,16.9,4.1,1.5,4.1,0.3,0.9,0.8,1.2,0.4,1.9,2.4,1.0,0.3,1.2,0
Robbie Hummel,53,12.4,3.4,1.3,3.3,0.6,1.7,0.3,0.3,0.7,1.8,0.4,0.3,0.0,0.2,0
Bruce Kuczenski,15,7.9,1.9,0.7,2.5,0.0,0.0,0.5,0.8,0.5,1.1,0.5,0.1,0.1,1.0,0
Russell Cross,45,7.9,3.7,1.4,2.5,0.0,0.0,0.8,2.0,0.8,1.0,0.5,0.3,0.2,0.4,0
Bob Hansen,55,7.6,2.7,1.2,2.6,0.0,0.1,0.3,0.5,0.2,0.6,0.8,0.3,0.1,0.6,1
Greg Kite,35,5.6,1.9,0.9,1.9,0.0,0.0,0.1,0.5,0.8,1.0,0.2,0.0,0.1,0.6,1
Terry Cummings,70,36.2,23.7,9.8,18.7,0.0,0.0,4.2,5.9,4.3,6.3,2.5,1.8,0.9,2.9,1
Clark Kellogg,81,34.1,20.1,8.4,17.5,0.0,0.2,3.2,4.3,4.2,6.4,2.8,1.7,0.5,2.7,1
Quintin Dailey,76,27.4,15.1,6.2,13.3,0.1,0.3,2.7,3.7,1.1,2.3,3.7,0.9,0.1,2.7,1
Rod Higgins,82,26.8,10.3,3.8,8.5,0.2,0.5,2.5,3.2,1.9,2.5,2.1,0.8,0.8,1.6,1
Craig Hodges,76,26.6,9.9,4.2,9.3,0.3,1.2,1.2,1.7,0.7,0.9,3.6,1.1,0.1,2.1,1
Jeff Withey,58,11.8,3.3,1.2,2.2,0.0,0.0,0.9,1.3,0.8,1.7,0.4,0.3,0.9,0.3,0
James Worthy*,77,25.6,13.4,5.8,10.0,0.0,0.1,1.8,2.9,2.0,3.1,1.7,1.2,0.8,2.3,1
Trent Tucker,78,23.5,8.4,3.8,8.3,0.2,0.4,0.6,0.8,1.0,1.8,2.5,0.7,0.1,0.9,1
Terry Teagle,73,23.4,10.4,4.5,10.6,0.1,0.4,1.2,1.7,1.0,1.6,2.1,0.7,0.3,1.9,1
Marc Iavaroni,80,20.2,5.1,2.0,4.4,0.0,0.0,1.0,1.4,1.5,2.7,1.0,0.4,0.6,1.7,1
Ed Nealy,82,20.0,4.4,1.8,3.0,0.0,0.0,0.9,1.4,2.1,3.8,0.8,0.8,0.1,0.6,1
Rob Williams,74,19.5,7.0,2.6,6.3,0.0,0.2,1.8,2.4,0.5,1.3,4.9,1.2,0.2,2.5,0
Jerry Eaves,82,19.4,9.3,3.4,7.0,0.0,0.1,2.4,3.0,0.4,1.1,2.6,0.6,0.0,1.9,0
Paul Pressey,79,19.3,6.7,2.7,5.9,0.0,0.1,1.3,2.2,1.1,2.5,2.6,1.3,0.6,2.0,1
Brandon Davies,51,11.3,2.8,1.1,2.5,0.0,0.2,0.7,1.0,0.7,1.4,0.5,0.5,0.2,0.7,0
Lester Conner,75,18.9,4.9,1.9,4.0,0.0,0.1,1.1,1.5,0.9,2.0,3.4,1.6,0.1,1.3,1
Mark Eaton,81,18.9,4.3,1.8,4.4,0.0,0.0,0.7,1.1,1.1,4.6,1.4,0.3,3.4,1.7,1
Bill Garnett,75,18.8,6.3,2.3,4.3,0.0,0.0,1.7,2.3,1.9,3.5,1.4,0.6,0.9,1.1,0
Jeff Taylor,44,17.6,3.6,1.5,3.6,0.0,0.0,0.7,1.0,0.6,1.2,2.5,0.9,0.3,1.4,0
Jeff Taylor,77,19.6,6.1,2.2,5.2,0.7,2.0,1.0,1.3,0.7,1.3,0.8,0.6,0.2,0.6,0
Bryan Warrick,43,16.9,4.0,1.5,4.0,0.0,0.1,1.0,1.3,0.3,1.3,2.9,0.5,0.2,1.6,0
Sleepy Floyd,76,16.4,8.1,3.0,6.9,0.1,0.3,2.0,2.4,0.7,1.1,1.8,0.8,0.2,1.4,1
Richard Anderson,78,16.3,5.2,2.2,5.5,0.1,0.2,0.6,0.9,1.4,2.1,1.5,0.7,0.3,1.2,1
Russ Schoene,77,15.9,6.2,2.7,5.6,0.0,0.1,0.8,1.1,1.2,2.1,0.8,0.3,0.3,1.1,0
John Bagley,68,14.6,5.7,2.4,5.5,0.0,0.2,0.9,1.2,0.3,1.2,2.5,0.8,0.1,1.7,1
Archie Goodwin,52,10.3,3.7,1.5,3.2,0.1,0.7,0.7,1.1,0.5,1.2,0.4,0.4,0.2,0.8,0
Cliff Levingston,62,14.2,5.6,2.1,4.4,0.0,0.0,1.4,2.4,1.7,2.1,0.8,0.4,0.6,1.2,1
LaSalle Thompson,71,13.9,5.4,2.1,4.0,0.0,0.0,1.3,1.9,1.9,3.4,0.5,0.6,0.9,1.4,1
Bruce Flowers,53,13.2,4.9,2.1,3.9,0.0,0.0,0.8,1.0,1.3,2.1,0.9,0.4,0.2,0.8,0
Corny Thompson,44,11.8,2.8,1.0,3.1,0.0,0.0,0.8,1.0,0.9,1.8,0.8,0.3,0.2,0.7,0
Walker Russell,68,11.1,2.7,1.0,2.7,0.0,0.3,0.7,0.9,0.3,0.8,1.9,0.2,0.0,1.4,0
David Thirdkill,49,10.6,4.0,1.5,3.5,0.0,0.1,0.9,1.6,0.6,0.9,0.7,0.4,0.1,1.0,1
Dave Batton,54,10.3,3.3,1.6,3.5,0.0,0.1,0.1,0.3,0.8,1.4,0.5,0.3,0.2,0.5,0
Darren Tillis,52,10.1,3.2,1.5,3.5,0.0,0.0,0.3,0.5,0.8,1.7,0.3,0.1,0.6,0.4,0
Brook Steppe,62,9.8,4.0,1.4,2.8,0.0,0.1,1.2,1.6,0.4,0.8,1.1,0.4,0.1,0.9,1
Rory White,65,9.6,5.0,2.0,3.6,0.0,0.0,1.1,1.7,0.7,0.9,0.5,0.3,0.0,0.8,1
Andre Roberson,40,10.0,1.9,0.8,1.7,0.1,0.3,0.2,0.3,0.9,1.5,0.4,0.5,0.3,0.5,0
Linton Townes,55,9.4,4.5,1.9,4.3,0.2,0.5,0.5,0.7,0.5,0.6,0.6,0.3,0.1,0.6,0
Eddie Phillips,48,8.7,3.2,1.2,2.9,0.0,0.0,0.8,1.2,0.6,1.0,0.6,0.3,0.2,1.0,0
Jim Johnstone,23,8.3,1.3,0.5,1.3,0.0,0.0,0.4,0.9,0.7,1.3,0.5,0.1,0.3,0.7,0
Jose Slaughter,63,8.2,3.6,1.4,3.8,0.1,0.7,0.6,0.9,0.5,0.5,0.8,0.6,0.1,0.7,0
Rickey Williams,44,7.9,3.3,1.3,3.1,0.0,0.1,0.8,1.2,0.3,0.5,0.8,0.5,0.1,0.9,0
Chris Engler,54,6.8,1.5,0.7,1.7,0.0,0.0,0.1,0.3,0.8,1.1,0.2,0.1,0.3,0.4,1
Ricky Pierce,39,6.8,2.2,0.8,2.3,0.0,0.2,0.5,0.8,0.4,0.5,0.4,0.2,0.1,0.5,1
Mark McNamara,36,5.1,2.2,0.8,1.8,0.0,0.0,0.6,1.3,0.9,1.2,0.2,0.1,0.1,1.0,1
Scott Hastings,31,4.5,1.2,0.4,1.2,0.0,0.1,0.4,0.6,0.5,0.8,0.1,0.2,0.0,0.3,1
Oliver Robinson,35,4.2,2.9,1.0,2.8,0.0,0.3,0.9,1.3,0.2,0.3,0.6,0.1,0.1,0.4,0
Kelly Tripucka,82,37.5,21.6,7.8,15.6,0.1,0.3,6.0,7.6,2.7,2.7,3.3,1.1,0.2,3.4,1
Buck Williams,82,34.5,15.5,6.3,10.7,0.0,0.0,3.0,4.7,4.2,8.0,1.3,1.0,1.0,2.9,1
Isiah Thomas*,72,33.8,17.0,6.3,14.8,0.2,0.8,4.2,6.0,0.8,2.1,7.8,2.1,0.2,4.2,1
Tom Chambers,81,33.1,17.2,6.8,13.0,0.0,0.0,3.5,5.7,2.6,4.3,1.8,0.7,0.6,2.7,1
Jay Vincent,81,32.4,21.4,8.9,17.9,0.0,0.0,3.6,5.0,2.2,4.7,2.2,1.1,0.3,2.4,1
Mark Aguirre,51,28.8,18.7,7.5,16.1,0.5,1.4,3.3,4.8,1.7,3.1,3.2,0.7,0.4,2.6,1
Herb Williams,82,27.8,11.5,5.0,10.4,0.0,0.1,1.5,2.3,2.1,5.2,1.7,0.7,2.2,1.7,1
Jeff Ruland,82,27.0,14.4,5.1,9.1,0.0,0.0,4.2,5.5,3.1,6.2,1.6,0.5,0.7,2.9,1
Frank Johnson,79,25.7,10.7,4.3,10.3,0.2,1.0,1.9,2.6,0.4,1.4,4.8,1.0,0.1,2.0,1
Elston Turner,80,25.0,8.3,3.5,8.0,0.0,0.1,1.2,1.7,1.8,2.0,2.4,0.9,0.0,1.4,1
Steve Johnson,78,22.3,12.8,5.1,8.3,0.0,0.0,2.7,4.2,1.9,3.9,1.2,0.5,1.1,2.5,1
Albert King,76,22.3,12.1,5.1,10.7,0.0,0.2,1.8,2.3,1.4,2.7,1.9,0.8,0.5,2.4,1
Gene Banks,80,21.3,9.6,3.9,8.2,0.0,0.1,1.8,2.7,2.0,3.2,1.8,0.7,0.2,1.3,1
Eddie Johnson,74,20.5,9.3,4.0,8.7,0.0,0.1,1.3,2.0,1.7,2.6,1.5,0.7,0.2,1.3,1
Danny Schayes,82,19.8,7.9,3.1,6.4,0.0,0.0,1.7,2.3,1.6,3.6,1.8,0.6,0.9,1.8,1
Rudy Macklin,79,19.2,7.0,2.7,6.1,0.0,0.0,1.7,2.2,1.4,1.9,0.6,0.5,0.3,1.4,0
Sam Williams,59,18.2,6.1,2.6,4.7,0.0,0.0,0.8,1.5,1.5,3.7,0.6,0.8,1.3,1.1,0
Kurt Rambis,64,17.7,4.6,1.8,3.6,0.0,0.0,0.9,1.8,1.8,3.6,0.9,0.9,1.2,1.2,1
Kurt Nimphius,63,17.2,5.3,2.2,4.7,0.0,0.0,1.0,1.7,1.5,3.2,1.0,0.3,1.3,0.9,1
Pete Verhoeven,71,17.0,4.9,2.1,4.2,0.0,0.0,0.7,1.0,1.5,2.1,0.7,0.6,0.3,0.8,1
Darnell Valentine,82,16.9,6.4,2.3,5.5,0.0,0.1,1.9,2.4,0.6,1.2,3.3,1.1,0.0,1.6,1
Jim Brogan,63,16.3,6.3,2.6,5.8,0.1,0.5,1.0,1.3,1.0,0.9,2.5,0.8,0.2,1.3,0
John Douglas,64,16.1,7.0,2.8,6.1,0.3,0.9,1.0,1.6,0.4,1.0,2.3,0.8,0.1,1.4,0
Kevin Loder,71,16.0,6.9,2.9,6.3,0.0,0.2,1.1,1.5,1.0,1.8,1.2,0.5,0.4,1.0,0
Orlando Woolridge,75,15.8,7.3,2.7,5.3,0.0,0.0,1.9,2.7,1.1,1.9,1.1,0.3,0.3,1.4,1
Alton Lister,80,14.8,4.5,1.9,3.6,0.0,0.0,0.8,1.5,1.4,3.5,1.1,0.2,1.5,1.6,1
Larry Nance,80,14.8,6.6,2.8,5.5,0.0,0.0,0.9,1.5,1.2,2.0,1.0,0.5,0.9,1.3,1
Danny Vranes,77,14.0,4.9,1.9,3.4,0.0,0.0,1.2,1.9,0.9,1.6,0.7,0.4,0.3,0.9,1
Ed Rains,49,13.0,3.9,1.6,3.6,0.0,0.0,0.8,1.3,0.8,0.9,0.8,0.4,0.0,0.5,0
Peyton Siva,24,9.3,2.3,0.8,2.4,0.3,1.0,0.5,0.6,0.1,0.5,1.4,0.4,0.0,0.8,0
Jim Smith,72,11.9,2.9,1.2,2.3,0.0,0.0,0.5,1.2,1.0,1.5,0.6,0.3,0.7,0.7,0
Jeff Lamp,54,11.4,4.6,1.9,3.6,0.0,0.0,0.9,1.1,0.4,0.7,0.5,0.3,0.0,0.8,1
Ray Blume,49,11.1,4.6,2.1,4.5,0.1,0.4,0.4,0.6,0.3,0.6,1.4,0.5,0.0,1.1,0
Garry Witts,46,10.7,2.9,1.1,1.8,0.0,0.0,0.7,0.9,0.6,0.7,0.8,0.4,0.1,0.8,0
Charlie Davis,54,10.6,3.8,1.6,3.4,0.0,0.0,0.6,0.7,1.0,1.5,0.6,0.2,0.2,0.8,0
Danny Ainge,53,10.6,4.1,1.5,4.2,0.1,0.3,1.1,1.2,0.5,0.6,1.6,0.7,0.1,1.0,1
Mike McGee,39,9.0,4.9,2.1,4.4,0.0,0.1,0.8,1.4,0.9,0.4,0.4,0.5,0.1,0.9,1
Mark Radford,43,8.6,3.4,1.3,2.3,0.0,0.1,0.8,1.6,0.3,0.4,1.3,0.4,0.1,1.0,0
Alex Bradley,39,8.5,3.5,1.4,2.6,0.0,0.0,0.7,1.2,0.8,0.9,0.3,0.3,0.1,0.7,0
Reggie Bullock,43,9.2,2.7,1.0,2.8,0.5,1.7,0.2,0.2,0.3,1.0,0.3,0.2,0.0,0.3,0
Howard Wood,42,8.1,3.4,1.3,2.9,0.0,0.0,0.8,1.2,0.5,1.0,0.2,0.2,0.1,0.4,0
Franklin Edwards,42,6.9,3.6,1.5,3.6,0.0,0.2,0.5,0.6,0.2,0.4,1.1,0.4,0.1,0.6,1
Bobby Cattage,49,6.9,3.1,1.2,2.8,0.0,0.0,0.6,0.8,0.4,1.0,0.1,0.1,0.0,0.4,0
Charles Bradley,51,6.6,3.0,1.1,2.4,0.0,0.0,0.8,1.2,0.2,0.5,0.4,0.3,0.1,0.7,0
Kevin McKenna,36,6.6,1.9,0.8,2.4,0.0,0.1,0.3,0.5,0.5,0.3,0.4,0.3,0.1,0.6,1
Joe Barry Carroll,82,35.6,18.9,7.5,15.3,0.0,0.0,3.8,5.4,3.3,5.9,1.4,0.6,1.5,3.0,1
Darrell Griffith,81,35.4,20.6,8.8,19.1,0.1,0.6,2.8,4.0,1.0,2.6,2.4,1.3,0.5,2.9,1
Larry Smith,82,31.4,9.6,3.7,7.2,0.0,0.0,2.2,3.7,5.3,6.8,1.1,0.8,0.8,1.8,1
Mike O'Koren,79,31.3,11.0,4.6,9.5,0.1,0.2,1.7,2.7,2.3,3.8,3.2,1.1,0.3,1.9,1
Kelvin Ransey,80,30.4,15.2,6.6,14.5,0.0,0.4,2.1,2.7,0.5,1.9,6.9,1.1,0.1,2.9,1
Malcolm Delaney,33,16.4,5.3,2.0,5.3,0.2,1.4,1.1,1.3,0.2,1.5,2.8,0.4,0.0,1.5,0
Otto Porter,37,8.6,2.1,0.9,2.5,0.1,0.6,0.2,0.3,0.6,1.0,0.3,0.2,0.0,0.4,0
Bill Laimbeer,81,30.4,9.8,4.2,8.3,0.0,0.0,1.4,1.9,3.3,5.3,2.7,0.7,1.0,1.6,1
Michael Brooks,82,30.2,14.7,6.0,12.4,0.0,0.1,2.8,3.9,2.6,2.8,2.5,1.2,0.4,2.0,1
Mike Gminski,56,28.2,13.2,5.2,12.3,0.0,0.0,2.8,3.6,2.4,5.0,1.3,1.0,1.8,2.3,1
Darwin Cook,81,24.4,11.2,4.7,10.1,0.1,0.3,1.6,2.2,1.2,1.7,3.7,1.7,0.4,2.2,1
Andrew Toney,75,23.6,12.9,5.3,10.7,0.1,0.4,2.1,3.0,0.4,1.5,3.6,0.8,0.1,2.9,1
Cedrick Hordges,68,23.5,8.4,3.3,7.1,0.0,0.0,1.9,2.7,1.8,5.0,1.5,0.5,0.3,1.8,0
Calvin Garrett,70,23.4,6.1,2.7,5.9,0.0,0.0,0.7,0.9,1.2,2.6,1.9,0.7,0.1,1.3,0
Don Collins,81,22.8,11.5,4.4,10.0,0.0,0.1,2.6,3.4,1.6,1.7,2.3,1.3,0.3,2.1,1
Louis Orr,82,21.8,10.5,4.2,8.6,0.0,0.1,2.0,2.5,2.1,2.3,1.6,0.7,0.3,1.5,1
Reggie Johnson,79,21.7,10.2,4.3,8.6,0.0,0.0,1.6,2.4,1.7,2.9,1.0,0.6,0.6,1.6,0
Larry Drew,76,20.8,6.6,2.6,6.4,0.1,0.2,1.4,1.8,0.3,1.3,3.3,1.2,0.1,2.2,1
Kevin McHale*,82,20.1,10.0,4.3,8.1,0.0,0.0,1.3,1.9,1.9,2.5,0.7,0.3,1.8,1.3,1
Lowes Moore,71,19.8,7.0,3.0,6.7,0.1,0.4,1.0,1.3,0.6,1.8,3.2,0.9,0.2,1.5,0
Wayne Robinson,81,19.7,7.9,2.9,6.3,0.0,0.1,2.2,3.0,1.4,2.2,1.4,0.6,0.3,1.8,0
Johnny Moore,82,19.2,7.4,3.0,6.3,0.0,0.2,1.3,2.1,0.7,1.7,4.5,1.5,0.3,1.9,1
Jeff Wilkins,56,18.9,4.7,2.1,4.6,0.0,0.0,0.5,0.7,1.1,3.8,0.7,0.6,0.8,1.1,1
Kyle Macy,82,17.9,8.1,3.3,6.5,0.1,0.6,1.3,1.5,0.5,1.1,2.0,0.9,0.1,1.2,1
Bill Hanzlik,74,17.0,5.4,1.9,3.9,0.0,0.1,1.6,2.0,0.9,1.2,1.5,0.8,0.3,1.1,1
Solomon Hill,28,8.1,1.7,0.6,1.4,0.3,0.8,0.2,0.3,0.3,1.1,0.4,0.2,0.1,0.5,0
Edgar Jones,60,15.8,8.7,3.2,6.0,0.0,0.1,2.4,3.6,1.5,2.9,0.7,0.6,1.4,1.7,1
Sam Worthen,64,14.8,3.7,1.5,3.0,0.0,0.1,0.7,0.9,0.3,1.5,1.8,0.9,0.1,1.4,0
James Johnson,68,14.4,5.3,1.9,3.5,0.0,0.0,1.5,2.5,1.6,3.0,0.6,0.1,1.1,1.0,1
James Johnson,65,11.6,3.9,1.5,3.2,0.2,0.7,0.8,1.1,0.5,1.4,0.7,0.3,0.7,0.9,1
Lorenzo Romar,53,13.7,4.1,1.6,4.0,0.0,0.1,0.8,1.2,0.2,0.9,2.6,0.5,0.1,1.0,1
Rick Mahorn,52,13.4,4.8,2.1,4.2,0.0,0.0,0.5,0.8,1.3,2.8,0.5,0.4,0.8,0.7,1
Rickey Brown,45,12.9,4.0,1.8,3.6,0.0,0.0,0.4,0.5,1.2,2.5,0.5,0.2,0.3,0.7,1
Butch Carter,54,12.4,5.6,2.1,4.6,0.1,0.2,1.3,1.8,0.6,0.6,1.0,0.4,0.0,0.9,1
Mike Woodson,81,11.7,4.7,2.0,4.6,0.0,0.1,0.6,0.8,0.4,0.8,0.9,0.4,0.1,0.7,1
John Duren,40,11.5,1.8,0.8,2.5,0.0,0.0,0.1,0.2,0.2,0.7,1.4,0.5,0.1,0.9,0
James Wilkes,48,11.3,4.1,1.8,3.8,0.0,0.0,0.6,0.9,0.8,1.3,0.6,0.5,0.3,0.7,0
Shabazz Muhammad,37,7.8,3.9,1.5,3.4,0.1,0.3,0.7,1.1,0.6,0.8,0.2,0.2,0.0,0.4,0
DeWayne Scales,44,11.0,4.9,2.1,5.1,0.0,0.1,0.6,0.9,1.1,1.9,0.2,0.3,0.1,0.7,0
Craig Shelton,55,10.7,4.3,1.8,4.0,0.0,0.0,0.6,1.1,1.1,1.4,0.5,0.3,0.1,1.1,0
Earl Cureton,52,10.2,4.2,1.8,3.9,0.0,0.0,0.6,1.2,1.0,2.0,0.5,0.4,0.4,0.6,1
Billy Reid,59,10.1,3.2,1.4,3.1,0.0,0.1,0.4,0.7,0.5,0.6,1.2,0.6,0.1,1.3,0
Jerry Sichting,47,9.6,2.0,0.7,2.0,0.0,0.1,0.5,0.7,0.2,0.7,1.5,0.5,0.0,0.6,1
Reggie Carter,60,8.9,2.8,1.0,3.0,0.0,0.1,0.9,1.2,0.5,0.7,1.3,0.4,0.0,0.6,0
Mike Harper,55,8.4,2.7,1.0,2.5,0.0,0.1,0.7,1.5,0.5,1.2,0.3,0.4,0.4,0.6,0
Mike Niles,44,5.3,2.6,1.1,3.1,0.0,0.1,0.4,0.8,0.6,0.7,0.3,0.2,0.0,0.6,0
Toure' Murry,51,7.3,2.7,1.1,2.5,0.1,0.2,0.5,0.8,0.3,0.6,1.0,0.4,0.0,0.7,0
Dionte Christmas,31,6.4,2.3,0.7,2.0,0.3,1.0,0.6,0.8,0.4,0.8,0.3,0.1,0.1,0.2,0
Damian Lillard,82,38.6,19.0,6.7,15.7,2.3,6.1,3.3,3.9,0.5,2.6,6.5,0.9,0.2,3.0,1
Bradley Beal,56,31.2,13.9,5.0,12.3,1.6,4.2,2.2,2.8,0.8,3.0,2.4,0.9,0.5,1.6,1
Semaj Christon,33,15.6,3.0,1.3,4.0,0.2,1.1,0.3,0.5,0.4,1.0,2.5,0.4,0.1,0.7,0
Anthony Davis,64,28.8,13.5,5.5,10.6,0.0,0.1,2.6,3.5,2.6,5.6,1.0,1.2,1.8,1.4,1
Dion Waiters,61,28.8,14.7,5.5,13.4,1.0,3.3,2.6,3.5,0.4,2.1,3.0,1.0,0.3,2.0,1
Kyle Singler,82,28.0,8.8,3.4,7.8,0.9,2.4,1.2,1.5,1.3,2.7,0.9,0.7,0.5,1.2,1
Tyler Zeller,77,26.4,7.9,3.2,7.3,0.0,0.1,1.6,2.0,2.1,3.6,1.2,0.5,0.9,1.2,1
Maurice Harkless,76,26.0,8.2,3.4,7.4,0.4,1.5,1.0,1.7,1.6,2.8,0.7,1.2,0.8,0.9,1
Michael Kidd-Gilchrist,78,26.0,9.0,3.6,7.9,0.0,0.1,1.8,2.4,1.7,4.2,1.5,0.7,0.9,1.3,1
Harrison Barnes,81,25.4,9.2,3.4,7.8,0.6,1.8,1.8,2.3,0.7,3.5,1.2,0.6,0.2,1.3,1
Austin Rivers,61,23.2,6.2,2.4,6.4,0.5,1.4,1.0,1.8,0.3,1.5,2.1,0.4,0.1,1.2,1
Caris LeVert,12,15.5,4.7,1.6,4.4,0.8,2.6,0.7,1.0,0.3,2.3,1.3,0.9,0.2,0.6,0
Andre Drummond,60,20.7,7.9,3.5,5.7,0.0,0.0,1.0,2.7,2.8,4.8,0.5,1.0,1.6,0.9,1
Jared Sullinger,45,19.8,6.0,2.5,5.0,0.0,0.1,1.0,1.4,2.0,3.8,0.8,0.5,0.5,0.6,0
Meyers Leonard,69,17.5,5.5,2.2,4.0,0.0,0.1,1.0,1.3,1.2,2.5,0.5,0.2,0.6,0.7,1
Patrick Beverley,41,17.4,5.6,1.9,4.6,0.9,2.3,0.8,1.0,1.1,1.6,2.9,0.9,0.5,1.1,1
Jae Crowder,78,17.3,5.0,1.8,4.7,0.8,2.5,0.6,0.9,0.4,1.9,1.2,0.8,0.2,0.6,1
Brian Roberts,78,17.0,7.1,2.7,6.6,0.8,2.0,0.9,1.0,0.2,1.0,2.8,0.5,0.0,0.9,1
Terrence Ross,73,17.0,6.4,2.5,6.3,0.9,2.7,0.4,0.6,0.5,1.5,0.7,0.6,0.2,0.7,1
Chris Copeland,56,15.4,8.7,3.3,6.8,1.1,2.5,1.1,1.5,0.6,1.5,0.5,0.3,0.2,0.9,0
Thomas Robinson,70,15.1,4.8,2.0,4.6,0.0,0.0,0.8,1.6,1.7,2.8,0.7,0.6,0.4,1.3,1
John Jenkins,61,14.8,6.1,2.1,4.8,0.9,2.3,1.0,1.1,0.3,1.3,0.9,0.2,0.2,0.7,1
Kendall Marshall,48,14.6,3.0,1.2,3.1,0.5,1.5,0.2,0.3,0.1,0.8,3.0,0.5,0.1,1.2,0
Draymond Green,79,13.4,2.9,1.1,3.3,0.2,0.8,0.6,0.7,0.7,2.6,0.7,0.5,0.3,0.7,1
Darius Miller,52,13.3,2.3,0.8,2.1,0.4,1.1,0.2,0.2,0.2,1.3,0.8,0.3,0.2,0.4,0
John Henson,63,13.1,6.0,2.6,5.3,0.0,0.0,0.9,1.7,1.8,2.9,0.5,0.3,0.7,0.8,1
Sheldon McClellan,11,13.7,4.8,1.5,3.7,0.3,1.4,1.5,1.6,0.2,0.7,0.8,0.5,0.1,0.2,0
DeQuan Jones,63,12.7,3.7,1.5,3.5,0.1,0.6,0.5,0.8,0.3,1.4,0.3,0.3,0.3,0.5,0
Doron Lamb,47,12.3,3.3,1.3,3.5,0.3,0.8,0.4,0.7,0.2,0.8,0.7,0.3,0.0,0.6,0
Will Barton,73,12.2,4.0,1.6,4.2,0.1,0.9,0.7,0.9,0.5,1.5,0.8,0.5,0.1,0.8,1
Orlando Johnson,51,12.1,4.0,1.4,3.5,0.7,1.8,0.5,0.6,0.4,1.8,0.9,0.2,0.2,0.6,0
Arnett Moultrie,47,11.5,3.7,1.7,2.9,0.0,0.0,0.4,0.6,1.6,1.5,0.2,0.4,0.2,0.4,0
Kyle O'Quinn,57,11.2,4.1,1.8,3.5,0.0,0.0,0.5,0.8,1.1,2.5,0.9,0.2,0.5,0.7,1
Bernard James,46,9.9,2.8,1.2,2.2,0.0,0.0,0.5,0.9,1.1,1.7,0.1,0.3,0.8,0.4,0
Kim English,41,9.9,2.9,1.0,2.7,0.3,1.2,0.5,0.7,0.2,0.7,0.6,0.4,0.1,0.5,0
Rodney McGruder,30,25.7,5.8,2.1,5.3,0.8,2.6,0.7,1.0,1.5,2.0,1.5,0.7,0.3,0.7,0
Mike Scott,40,9.4,4.6,1.8,3.7,0.0,0.0,1.1,1.4,1.0,1.8,0.3,0.1,0.1,0.5,1
Marquis Teague,48,8.2,2.1,0.9,2.4,0.1,0.5,0.2,0.3,0.1,0.9,1.3,0.2,0.1,0.7,0
Tony Wroten,35,7.8,2.6,0.9,2.5,0.1,0.5,0.6,0.8,0.4,0.4,1.2,0.2,0.1,0.8,0
Maalik Wayns,27,7.5,2.8,1.0,3.3,0.3,1.1,0.6,0.7,0.0,0.2,1.0,0.2,0.0,0.6,0
Jeremy Lamb,23,6.4,3.1,1.0,3.0,0.4,1.3,0.6,0.6,0.2,0.6,0.2,0.1,0.1,0.3,1
Brandon Knight,66,32.3,12.8,4.8,11.7,1.6,4.2,1.6,2.1,0.5,2.7,3.8,0.7,0.1,2.6,1
MarShon Brooks,56,29.4,12.6,4.9,11.4,0.8,2.7,2.0,2.6,1.3,2.3,2.3,0.9,0.3,2.1,0
Iman Shumpert,59,28.9,9.5,3.6,9.1,0.8,2.7,1.5,1.8,0.7,2.4,2.8,1.7,0.1,1.9,1
Chandler Parsons,63,28.6,9.5,3.9,8.7,1.0,2.8,0.7,1.2,1.4,3.3,2.1,1.2,0.5,1.3,1
Kemba Walker,66,27.2,12.1,4.3,11.6,1.0,3.4,2.5,3.2,0.5,3.1,4.4,0.9,0.3,1.8,1
Isaiah Thomas,65,25.5,11.5,3.9,8.8,1.3,3.4,2.4,2.8,0.7,1.8,4.1,0.8,0.1,1.6,1
Klay Thompson,66,24.4,12.5,4.8,10.9,1.7,4.1,1.2,1.4,0.4,2.1,2.0,0.7,0.3,1.6,1
Kawhi Leonard,64,24.0,7.9,3.1,6.3,0.6,1.7,1.1,1.4,1.6,3.5,1.1,1.3,0.4,0.7,1
Wade Baldwin,22,13.5,3.5,1.2,3.8,0.1,0.8,1.0,1.3,0.3,1.1,2.1,0.6,0.3,1.3,0
Kenneth Faried,46,22.5,10.2,3.9,6.7,0.0,0.0,2.4,3.6,3.1,4.6,0.8,0.7,1.0,1.2,1
Chris Singleton,66,21.7,4.6,1.8,4.7,0.7,1.9,0.5,0.7,0.7,2.9,0.7,1.1,0.5,0.6,0
Derrick Williams,66,21.5,8.8,3.1,7.5,0.6,2.1,2.1,3.0,1.2,3.5,0.6,0.5,0.5,1.2,1
Donald Sloan,33,20.3,5.5,2.4,6.0,0.1,0.8,0.7,0.9,0.5,1.5,3.2,0.4,0.1,1.5,1
Markieff Morris,63,19.5,7.4,2.8,6.9,0.7,2.0,1.2,1.7,1.1,3.3,1.0,0.7,0.7,1.1,1
Norris Cole,65,19.4,6.8,2.7,6.9,0.3,1.2,1.0,1.3,0.3,1.1,2.0,0.7,0.0,1.6,1
Jimmer Fredette,61,18.6,7.6,2.8,7.3,1.3,3.5,0.7,0.8,0.3,0.9,1.8,0.5,0.1,1.1,1
Charles Jenkins,51,17.5,5.8,2.5,5.7,0.1,0.4,0.7,0.8,0.2,1.2,3.3,0.7,0.1,1.2,0
Jaylen Brown,34,13.4,4.9,1.9,4.4,0.4,1.1,0.7,1.1,0.6,1.2,0.6,0.3,0.3,0.6,0
Ivan Johnson,56,16.7,6.4,2.5,4.9,0.0,0.1,1.3,1.8,1.2,2.9,0.6,0.8,0.3,1.2,0
Alec Burks,59,15.9,7.2,2.6,6.1,0.3,0.8,1.8,2.4,1.0,1.3,0.9,0.5,0.1,0.9,1
Lavoy Allen,41,15.2,4.1,1.9,4.1,0.0,0.0,0.3,0.3,1.1,3.0,0.8,0.3,0.4,0.5,1
Lance Thomas,42,15.0,4.0,1.4,3.0,0.0,0.0,1.2,1.5,1.2,1.8,0.3,0.2,0.2,0.6,1
Jordan Williams,43,14.8,4.6,1.8,3.5,0.0,0.0,1.0,1.5,1.5,2.1,0.3,0.5,0.3,0.5,0
Josh Harrellson,37,14.6,4.4,1.7,4.0,0.5,1.6,0.4,0.7,1.3,2.6,0.3,0.6,0.5,0.5,0
Greg Stiemsma,55,13.9,2.9,1.2,2.2,0.0,0.0,0.5,0.7,0.9,2.3,0.5,0.7,1.6,0.6,0
Jeremy Tyler,42,13.5,4.9,2.1,5.0,0.0,0.0,0.7,1.2,1.3,2.0,0.4,0.4,0.5,0.9,0
Malcolm Lee,19,12.8,3.3,1.2,3.1,0.1,0.5,0.7,0.9,0.5,0.9,1.6,0.4,0.2,0.9,0
Nolan Smith,44,12.3,3.8,1.5,4.1,0.3,1.0,0.5,0.6,0.4,0.9,1.4,0.4,0.1,0.9,0
Shelvin Mack,64,12.2,3.6,1.4,3.4,0.2,0.7,0.7,0.9,0.2,1.3,2.0,0.4,0.0,0.8,1
Jon Leuer,46,12.1,4.7,2.1,4.2,0.1,0.2,0.5,0.6,1.0,1.6,0.5,0.3,0.4,0.4,1
Tobias Harris,42,11.4,5.0,1.9,4.0,0.1,0.5,1.0,1.3,0.7,1.7,0.5,0.3,0.2,0.7,1
Cory Higgins,38,11.1,3.9,1.4,4.2,0.1,0.5,1.1,1.6,0.2,0.7,0.9,0.1,0.2,1.0,0
Andrew Goudelock,40,10.5,4.4,1.7,4.4,0.7,1.9,0.3,0.3,0.1,0.7,0.5,0.1,0.0,0.5,0
Jordan Hamilton,26,9.9,4.4,1.8,4.3,0.7,1.8,0.1,0.2,0.4,2.0,0.8,0.1,0.1,0.6,1
Mickell Gladness,26,9.7,2.2,1.0,2.3,0.0,0.0,0.2,0.5,0.5,1.7,0.2,0.1,0.8,0.3,0
Patrick McCaw,26,12.2,2.8,1.1,2.8,0.6,1.5,0.1,0.2,0.3,0.8,1.0,0.4,0.3,0.6,0
Jeremy Pargo,44,9.6,2.9,1.1,3.4,0.2,0.9,0.4,0.6,0.3,0.6,1.3,0.3,0.0,1.1,0
E'Twaun Moore,38,8.7,2.9,1.1,3.0,0.4,1.2,0.2,0.2,0.1,0.8,0.9,0.3,0.1,0.6,1
Jimmy Butler,42,8.5,2.6,0.8,1.9,0.0,0.3,1.0,1.3,0.5,0.8,0.3,0.3,0.1,0.3,1
JaJuan Johnson,36,8.3,3.2,1.5,3.4,0.0,0.0,0.2,0.3,0.6,1.1,0.2,0.1,0.4,0.4,0
Blake Griffin,82,38.0,22.5,8.5,16.8,0.1,0.3,5.4,8.5,3.3,8.8,3.8,0.8,0.6,2.7,1
John Wall,69,37.8,16.4,5.8,14.1,0.5,1.7,4.4,5.7,0.5,4.1,8.3,1.8,0.5,3.8,1
Landry Fields,82,31.0,9.7,3.6,7.3,1.0,2.7,1.4,1.8,1.3,5.1,1.9,1.0,0.2,1.3,1
DeMarcus Cousins,81,28.5,14.1,5.3,12.4,0.0,0.2,3.4,5.0,2.7,6.0,2.5,1.1,0.8,3.3,1
Greg Monroe,80,27.8,9.4,3.8,6.9,0.0,0.0,1.8,2.9,3.1,4.4,1.3,1.2,0.6,1.0,1
Wesley Johnson,79,26.2,9.0,3.4,8.6,1.3,3.7,0.8,1.2,0.6,2.4,1.9,0.7,0.7,1.2,1
Ed Davis,65,24.6,7.7,3.3,5.7,0.0,0.0,1.1,2.0,2.6,4.5,0.6,0.6,1.0,0.7,1
Jordan Crawford,42,24.5,11.7,4.6,11.9,0.8,3.0,1.7,2.0,0.7,1.8,2.8,0.9,0.1,2.0,0
Evan Turner,78,23.0,7.2,2.9,6.8,0.2,0.6,1.3,1.6,0.5,3.4,2.0,0.6,0.2,1.0,1
Eric Bledsoe,81,22.7,6.7,2.5,6.0,0.4,1.4,1.2,1.6,0.8,1.9,3.6,1.1,0.3,2.4,1
Gary Neal,80,21.1,9.8,3.6,7.9,1.6,3.9,1.1,1.3,0.3,2.2,1.2,0.3,0.1,1.0,1
Paul George,61,20.7,7.8,2.9,6.5,0.7,2.3,1.3,1.7,0.6,3.1,1.1,1.0,0.4,1.1,1
Derrick Favors,78,19.7,6.8,2.8,5.3,0.0,0.0,1.3,2.2,2.2,3.1,0.5,0.4,0.9,1.0,1
Kay Felder,15,11.0,5.4,1.8,4.1,0.3,0.6,1.5,2.0,0.1,1.1,1.9,0.4,0.2,0.7,0
Al-Farouq Aminu,81,17.9,5.6,2.0,5.0,0.6,1.8,1.1,1.5,0.9,2.4,0.7,0.7,0.3,1.3,1
Ekpe Udoh,58,17.8,4.1,1.7,3.8,0.0,0.0,0.7,1.1,1.4,1.7,0.7,0.4,1.5,0.8,1
Manny Harris,54,17.3,5.9,2.0,5.4,0.6,1.7,1.3,1.7,0.7,1.9,1.6,0.6,0.1,1.2,0
Gordon Hayward,72,16.9,5.4,2.0,4.1,0.5,1.0,1.0,1.3,0.6,1.4,1.1,0.4,0.3,1.0,1
Patrick Patterson,52,16.7,6.3,2.9,5.1,0.0,0.0,0.6,0.8,1.7,2.2,0.8,0.3,0.7,0.6,1
Trevor Booker,65,16.4,5.3,2.1,3.9,0.0,0.0,1.0,1.6,1.5,2.4,0.5,0.5,0.7,0.6,1
Larry Sanders,60,14.5,4.3,1.9,4.5,0.0,0.0,0.5,0.8,1.0,2.0,0.3,0.4,1.2,0.6,1
Luke Harangody,49,13.1,3.9,1.6,4.2,0.3,1.3,0.4,0.5,0.8,2.1,0.6,0.3,0.3,0.3,0
Quincy Pondexter,66,11.1,2.8,1.1,2.7,0.3,0.8,0.4,0.5,0.3,1.0,0.4,0.3,0.1,0.2,1
Ben Uzoh,42,10.4,3.8,1.5,3.4,0.1,0.2,0.8,1.3,0.7,0.7,1.6,0.3,0.2,0.6,0
Ish Smith,43,10.3,2.3,1.0,2.7,0.1,0.2,0.3,0.5,0.2,0.9,1.8,0.4,0.1,0.8,1
Lazar Hayward,42,10.0,3.8,1.3,3.7,0.4,1.4,0.8,1.0,0.5,1.1,0.7,0.3,0.2,0.5,0
Jeremy Evans,49,9.4,3.6,1.6,2.3,0.0,0.0,0.5,0.8,0.7,1.2,0.5,0.3,0.3,0.4,1
Cole Aldrich,18,7.9,1.0,0.4,0.8,0.0,0.0,0.1,0.2,0.7,1.2,0.2,0.3,0.4,0.4,1
Armon Johnson,38,7.3,2.9,1.2,2.7,0.1,0.3,0.3,0.6,0.3,0.7,1.2,0.1,0.0,1.0,0
Mustafa Shakur,22,7.2,2.3,1.0,2.7,0.0,0.5,0.4,0.7,0.3,0.7,1.1,0.2,0.1,0.8,0
Derrick Caracter,41,5.2,2.0,0.8,1.6,0.0,0.0,0.4,0.6,0.5,0.6,0.2,0.1,0.2,0.5,0
Tyreke Evans,72,37.2,20.1,7.4,16.2,0.5,2.0,4.8,6.5,0.9,4.4,5.8,1.5,0.4,3.0,1
Stephen Curry,80,36.2,17.5,6.6,14.3,2.1,4.8,2.2,2.5,0.6,3.9,5.9,1.9,0.2,3.0,1
Brandon Jennings,82,32.6,15.5,5.5,14.8,1.8,4.7,2.7,3.3,0.6,2.8,5.7,1.3,0.2,2.4,1
Denzel Valentine,22,10.6,2.5,0.8,3.0,0.5,1.9,0.3,0.4,0.0,1.6,0.5,0.3,0.1,0.4,0
Jonny Flynn,81,28.9,13.5,4.9,11.8,1.0,2.7,2.8,3.3,0.3,2.1,4.4,1.0,0.0,2.9,0
Darren Collison,76,27.8,12.4,4.9,10.4,0.6,1.5,1.9,2.3,0.5,2.0,5.7,1.0,0.1,2.7,1
Taj Gibson,82,26.9,9.0,3.8,7.7,0.0,0.0,1.4,2.1,2.8,4.7,0.9,0.6,1.3,1.4,1
Marcus Thornton,73,25.6,14.5,5.5,12.1,1.6,4.3,2.0,2.4,1.0,1.9,1.6,0.8,0.1,1.0,1
Wesley Matthews,82,24.7,9.4,3.3,6.9,0.8,2.0,2.0,2.4,0.6,1.7,1.5,0.8,0.2,1.1,1
Jrue Holiday,73,24.2,8.0,3.2,7.1,0.8,2.2,0.9,1.2,0.8,1.8,3.8,1.1,0.3,2.1,1
James Harden,76,22.9,9.9,3.1,7.6,1.2,3.3,2.6,3.2,0.6,2.6,1.8,1.1,0.3,1.4,1
Terrence Williams,78,22.6,8.4,3.3,8.3,0.4,1.3,1.3,1.8,0.6,3.9,2.9,0.6,0.1,1.6,0
Taurean Waller-Prince,20,10.0,3.4,1.2,3.1,0.4,1.2,0.6,0.7,0.2,1.8,0.7,0.3,0.3,0.7,0
DeMar DeRozan,77,21.6,8.6,3.3,6.6,0.1,0.2,1.9,2.5,0.9,2.0,0.7,0.6,0.2,0.8,1
Ty Lawson,65,20.3,8.3,3.1,6.0,0.5,1.3,1.6,2.2,0.6,1.3,3.1,0.7,0.0,1.3,1
Chase Budinger,74,20.1,8.9,3.4,7.6,1.2,3.4,0.9,1.2,0.5,2.5,1.2,0.5,0.1,0.7,1
Toney Douglas,56,19.4,8.6,3.2,7.0,1.2,3.1,1.0,1.2,0.7,1.2,2.0,0.8,0.1,1.0,1
DeJuan Blair,82,18.2,7.8,3.4,6.0,0.0,0.0,1.1,2.0,2.4,4.0,0.8,0.6,0.5,1.4,1
Wayne Ellington,76,18.2,6.6,2.5,5.9,0.8,2.1,0.8,0.9,0.4,1.7,1.0,0.3,0.1,1.0,1
Sam Young,80,16.5,7.4,2.8,6.2,0.1,0.7,1.7,2.2,1.0,1.6,0.7,0.4,0.3,1.2,0
Eric Maynor,81,15.7,4.7,1.9,4.5,0.3,0.9,0.6,0.9,0.3,1.3,3.3,0.5,0.1,1.1,1
A.J. Price,56,15.4,7.3,2.6,6.3,1.1,3.1,1.1,1.3,0.2,1.4,1.9,0.6,0.1,1.1,1
Karl-Anthony Towns,82,32.0,18.3,7.6,14.1,0.4,1.1,2.7,3.4,2.8,7.7,2.0,0.7,1.7,2.2,0
Jordan Hill,47,13.3,5.2,2.1,4.3,0.0,0.0,1.0,1.4,1.6,2.1,0.4,0.3,0.5,0.6,1
Austin Daye,69,13.3,5.1,2.0,4.3,0.4,1.4,0.7,0.8,0.5,2.0,0.5,0.4,0.4,0.7,1
Chris Hunter,60,13.1,4.5,1.8,3.6,0.0,0.1,0.9,1.2,0.9,1.9,0.6,0.2,0.6,0.5,0
Jon Brockman,52,12.6,2.8,1.1,2.0,0.0,0.0,0.7,1.2,2.0,2.1,0.4,0.3,0.1,0.4,0
Garrett Temple,27,12.4,5.0,1.6,3.7,0.5,1.4,1.3,1.9,0.2,0.9,0.8,0.5,0.2,1.0,1
Jodie Meeks,60,12.0,4.7,1.7,4.5,0.7,2.2,0.5,0.7,0.1,1.5,0.7,0.3,0.1,0.4,1
Dante Cunningham,63,11.2,3.9,1.7,3.4,0.0,0.0,0.5,0.8,0.9,1.7,0.2,0.4,0.3,0.2,1
DeMarre Carroll,71,11.2,2.9,1.2,3.1,0.0,0.1,0.5,0.7,0.7,1.4,0.5,0.4,0.1,0.3,1
Jeff Ayres,39,10.4,2.7,1.1,1.7,0.0,0.0,0.5,0.5,0.6,1.9,0.0,0.2,0.4,0.3,1
Jeff Teague,71,10.1,3.2,1.3,3.2,0.1,0.5,0.6,0.7,0.1,0.9,1.7,0.5,0.1,0.7,1
Derrick Brown,57,9.4,3.3,1.2,2.6,0.0,0.1,0.8,1.3,0.5,0.8,0.3,0.4,0.2,0.3,0
DaJuan Summers,44,9.2,3.0,1.0,3.0,0.3,1.0,0.6,0.9,0.3,0.7,0.4,0.2,0.2,0.4,0
Gerald Henderson,43,8.3,2.6,0.9,2.4,0.1,0.4,0.8,1.1,0.3,0.9,0.3,0.2,0.2,0.3,1
Earl Clark,51,7.5,2.7,1.1,3.0,0.0,0.1,0.5,0.7,0.4,0.9,0.4,0.1,0.3,0.5,1
Cedric Jackson,12,6.3,1.7,0.5,1.7,0.1,0.5,0.6,1.0,0.2,0.5,1.2,0.3,0.2,0.9,0
Marcus Landry,18,6.2,2.4,0.9,2.4,0.5,1.6,0.2,0.3,0.3,0.8,0.0,0.1,0.1,0.3,0
Jahlil Okafor,53,30.0,17.5,7.5,14.7,0.0,0.1,2.5,3.7,2.3,4.7,1.2,0.4,1.1,2.3,0
Lester Hudson,25,5.2,2.3,0.8,2.1,0.2,0.6,0.4,0.5,0.3,0.4,0.5,0.3,0.1,0.6,0
O.J. Mayo,82,38.0,18.5,6.9,15.6,1.8,4.6,3.0,3.4,0.7,3.1,3.2,1.1,0.2,2.8,1
Derrick Rose,81,37.0,16.8,7.1,14.9,0.2,0.9,2.4,3.1,1.2,2.7,6.3,0.8,0.2,2.5,1
Eric Gordon,78,34.3,16.1,5.3,11.6,1.7,4.3,3.8,4.5,0.6,2.0,2.8,1.0,0.5,2.1,1
Russell Westbrook,82,32.5,15.3,5.3,13.4,0.4,1.6,4.3,5.2,2.2,2.7,5.3,1.3,0.2,3.3,1
Mario Chalmers,82,32.0,10.0,3.4,8.1,1.4,3.8,1.8,2.4,0.5,2.3,4.9,1.9,0.1,2.0,1
Brook Lopez,82,30.5,13.0,5.5,10.3,0.0,0.0,2.1,2.6,2.7,5.4,1.0,0.5,1.8,1.8,1
Jason Thompson,82,28.1,11.1,4.3,8.7,0.0,0.1,2.4,3.5,2.9,4.5,1.1,0.6,0.7,1.8,1
D.J. Augustin,72,26.5,11.8,3.7,8.6,1.5,3.4,2.9,3.2,0.2,1.6,3.5,0.6,0.0,1.6,1
Justise Winslow,78,28.6,6.4,2.5,5.9,0.4,1.5,1.0,1.5,1.0,4.1,1.5,0.9,0.3,1.2,0
Kevin Love,81,25.3,11.1,3.9,8.5,0.0,0.2,3.3,4.1,3.4,5.7,1.0,0.4,0.6,1.5,1
Courtney Lee,77,25.2,8.4,3.2,7.0,1.1,2.6,1.0,1.2,0.2,2.1,1.2,1.0,0.2,0.9,1
Michael Beasley,81,24.8,13.9,5.6,11.8,0.4,1.0,2.3,3.0,1.4,4.1,1.0,0.5,0.5,1.5,1
Brandon Rush,75,24.0,8.1,3.2,7.7,1.0,2.8,0.6,0.9,0.5,2.7,0.9,0.5,0.5,1.0,1
Anthony Morrow,67,22.6,10.1,3.8,8.0,1.3,2.7,1.2,1.4,1.2,1.8,1.2,0.5,0.2,0.8,1
Greg Oden,61,21.5,8.9,3.2,5.8,0.0,0.0,2.4,3.7,2.8,4.2,0.5,0.4,1.1,1.4,0
Kyle Weaver,56,20.8,5.3,2.0,4.4,0.6,1.7,0.7,1.0,0.6,1.8,1.8,0.8,0.5,1.2,0
Ryan Anderson,66,19.9,7.4,2.4,6.2,1.0,2.9,1.5,1.8,1.6,3.1,0.8,0.7,0.3,0.9,1
Darrell Arthur,76,19.3,5.6,2.5,5.7,0.0,0.0,0.5,0.8,1.4,3.1,0.6,0.7,0.7,0.6,1
George Hill,77,16.5,5.7,1.9,4.8,0.3,0.9,1.5,1.9,0.4,1.7,1.8,0.6,0.3,1.0,1
Marreese Speights,79,16.0,7.7,3.2,6.4,0.0,0.1,1.3,1.7,1.6,2.2,0.4,0.3,0.7,0.6,1
JaVale McGee,75,15.2,6.5,2.5,5.2,0.0,0.0,1.4,2.2,1.6,2.3,0.3,0.4,1.0,0.8,1
Mike Taylor,51,15.1,5.7,2.2,5.2,0.3,0.8,1.1,1.6,0.4,1.3,2.1,0.7,0.0,1.4,0
DeAndre Jordan,53,14.5,4.3,1.8,2.8,0.0,0.0,0.8,2.1,1.4,3.1,0.2,0.2,1.1,0.8,1
Roy Hibbert,70,14.4,7.1,2.8,6.0,0.0,0.0,1.4,2.1,1.6,1.8,0.7,0.3,1.1,0.8,1
Bobby Brown,68,13.7,5.3,2.1,5.3,0.7,1.9,0.5,0.6,0.2,0.6,1.7,0.3,0.0,0.9,0
D'Angelo Russell,80,28.2,13.2,4.9,12.0,1.6,4.6,1.8,2.4,0.6,2.8,3.3,1.2,0.2,2.5,0
Chris Douglas-Roberts,44,13.3,4.9,1.8,4.0,0.1,0.3,1.2,1.4,0.3,0.8,1.2,0.3,0.2,0.7,1
Jerryd Bayless,53,12.4,4.3,1.3,3.6,0.1,0.5,1.6,1.9,0.2,0.9,1.5,0.3,0.0,1.1,1
Cory Alexander,59,12.1,4.7,1.7,4.2,0.3,0.8,1.0,1.4,0.7,1.2,0.7,0.3,0.5,0.9,1
Cory Alexander,60,9.3,2.8,1.1,2.6,0.4,1.1,0.3,0.4,0.2,0.6,2.0,0.5,0.0,1.1,1
Kosta Koufos,48,11.8,4.7,2.0,3.9,0.0,0.0,0.8,1.1,1.0,1.8,0.4,0.3,0.7,0.5,1
Rob Kurz,40,11.1,3.9,1.3,3.3,0.4,1.0,1.0,1.3,0.8,1.2,0.5,0.3,0.5,0.4,0
Anthony Tolliver,19,10.9,2.7,1.0,3.4,0.5,2.2,0.3,0.5,0.6,1.5,0.9,0.3,0.1,0.4,1
Devin Booker,76,27.7,13.8,4.8,11.4,1.3,3.8,2.8,3.4,0.4,2.1,2.6,0.6,0.3,2.1,0
Robin Lopez,60,10.2,3.1,1.2,2.3,0.0,0.0,0.8,1.1,0.9,1.1,0.1,0.2,0.7,0.5,1
Darnell Jackson,51,8.4,1.9,0.7,1.7,0.0,0.0,0.5,0.7,0.6,1.1,0.2,0.2,0.1,0.3,0
Sean Singletary,37,8.2,2.4,0.8,2.3,0.3,0.7,0.5,0.6,0.3,0.7,0.8,0.3,0.0,0.6,0
Kevin Durant,80,34.6,20.3,7.3,17.1,0.7,2.6,4.9,5.6,0.9,3.5,2.4,1.0,0.9,2.9,1
Jeff Green,80,28.2,10.5,4.0,9.4,0.3,1.0,2.2,3.0,1.3,3.5,1.5,0.6,0.6,2.0,1
Jamario Moon,78,27.8,8.5,3.6,7.4,0.5,1.6,0.8,1.1,1.2,5.0,1.2,1.0,1.4,0.7,1
Al Thornton,79,27.3,12.7,4.7,11.0,0.5,1.6,2.7,3.6,1.2,3.3,1.2,0.6,0.5,1.6,0
Mike Conley,53,26.1,9.4,3.6,8.3,0.6,1.7,1.7,2.3,0.4,2.2,4.2,0.8,0.0,1.7,1
Stanley Johnson,73,23.1,8.1,3.1,8.2,0.9,2.8,1.1,1.4,0.8,3.4,1.6,0.8,0.2,1.6,0
Daequan Cook,59,24.4,8.8,3.3,8.7,1.3,4.0,0.8,1.0,0.3,2.7,1.3,0.4,0.1,1.1,1
Corey Brewer,79,22.8,5.8,2.3,6.2,0.1,0.5,1.1,1.4,1.0,2.7,1.4,1.0,0.3,1.1,1
Thaddeus Young,74,21.0,8.2,3.6,6.6,0.1,0.3,1.0,1.4,1.6,2.6,0.8,1.0,0.1,0.9,1
Joakim Noah,74,20.7,6.6,2.4,5.0,0.0,0.0,1.8,2.6,2.4,3.3,1.1,0.9,0.9,1.2,1
Wilson Chandler,35,19.6,7.3,3.0,6.9,0.3,0.9,1.0,1.5,1.1,2.5,0.9,0.4,0.5,0.8,1
Rodney Stuckey,57,19.0,7.6,2.7,6.7,0.1,0.3,2.2,2.7,0.6,1.7,2.8,0.9,0.1,1.4,1
Jared Dudley,73,19.0,5.8,2.2,4.8,0.1,0.6,1.2,1.6,1.7,2.3,1.1,0.8,0.1,0.7,1
Sean Williams,73,17.5,5.6,2.2,4.2,0.0,0.0,1.1,1.8,1.6,2.8,0.4,0.4,1.4,1.0,0
Myles Turner,60,22.8,10.3,4.4,8.8,0.1,0.2,1.5,2.0,1.1,4.4,0.7,0.4,1.4,1.1,0
Carl Landry,42,16.9,8.1,3.2,5.2,0.0,0.0,1.7,2.6,2.3,2.6,0.5,0.4,0.2,0.6,1
Acie Law,56,15.4,4.2,1.7,4.2,0.1,0.6,0.7,0.9,0.2,0.8,2.0,0.5,0.0,1.0,0
Nick Young,75,15.4,7.5,2.8,6.4,0.5,1.3,1.3,1.7,0.3,1.2,0.8,0.5,0.1,1.3,1
Jason Smith,76,14.6,4.5,1.9,4.1,0.1,0.2,0.7,1.1,1.0,2.0,0.3,0.3,0.7,0.6,1
Glen Davis,69,13.6,4.5,1.6,3.2,0.0,0.0,1.4,2.2,1.4,1.6,0.4,0.5,0.3,0.9,1
Javaris Crittenton,50,13.6,5.6,2.0,4.7,0.2,0.7,1.4,2.1,0.5,1.7,1.0,0.4,0.0,1.1,0
Spencer Hawes,71,13.1,4.7,2.1,4.5,0.1,0.3,0.5,0.8,1.0,2.3,0.6,0.2,0.6,0.8,1
Arron Afflalo,75,12.9,3.7,1.3,3.2,0.1,0.6,0.9,1.2,0.5,1.3,0.7,0.4,0.1,0.5,1
Aaron Brooks,51,11.9,5.2,1.8,4.4,0.7,2.1,0.8,1.0,0.3,0.8,1.7,0.3,0.1,0.9,1
C.J. Watson,32,11.5,3.7,1.3,3.2,0.3,0.8,0.7,0.9,0.4,0.6,1.1,0.5,0.0,0.6,1
Julian Wright,57,11.2,3.9,1.6,3.0,0.2,0.4,0.6,0.9,0.6,1.5,0.7,0.5,0.2,0.6,0
Chris Richard,52,10.7,1.9,0.8,1.7,0.0,0.0,0.3,0.5,1.0,1.6,0.3,0.2,0.2,0.5,0
Nick Fazekas,26,10.3,4.1,1.8,3.2,0.0,0.1,0.6,0.8,1.3,2.1,0.4,0.3,0.4,0.5,0
Aaron Gray,61,10.0,4.3,1.7,3.3,0.0,0.0,0.9,1.6,1.1,1.6,0.7,0.3,0.3,0.9,1
Dominic McGuire,70,9.9,1.3,0.6,1.5,0.0,0.1,0.2,0.5,0.8,1.2,0.6,0.3,0.4,0.6,1
Brandan Wright,38,9.9,4.0,1.6,2.9,0.0,0.0,0.7,1.1,1.0,1.6,0.2,0.2,0.6,0.3,1
Jermareo Davidson,38,8.5,3.2,1.3,3.3,0.0,0.0,0.5,0.7,0.6,1.1,0.3,0.2,0.4,0.5,0
Mario West,64,4.2,0.9,0.3,0.8,0.0,0.1,0.3,0.4,0.4,0.3,0.2,0.2,0.1,0.1,0
Demetris Nichols,14,3.1,1.1,0.4,1.6,0.2,0.9,0.0,0.0,0.0,0.4,0.1,0.0,0.2,0.3,0
Willie Cauley-Stein,66,21.4,7.0,2.9,5.1,0.0,0.0,1.2,1.9,2.0,3.3,0.6,0.7,1.0,0.7,0
Brandon Roy,57,35.4,16.8,6.1,13.4,1.0,2.6,3.5,4.2,1.0,3.4,4.0,1.2,0.2,2.0,1
Adam Morrison,78,29.8,11.8,4.6,12.1,1.1,3.3,1.5,2.2,0.7,2.3,2.1,0.4,0.1,1.7,0
Rudy Gay,78,27.0,10.8,4.1,9.7,0.7,1.8,1.9,2.7,1.2,3.3,1.3,0.9,0.9,1.8,1
Rajon Rondo,78,23.5,6.4,2.4,5.8,0.1,0.4,1.5,2.4,0.9,2.8,3.8,1.6,0.1,1.8,1
Randy Foye,82,22.9,10.1,3.7,8.4,0.8,2.3,2.0,2.3,0.6,2.1,2.8,0.7,0.3,1.9,1
LaMarcus Aldridge,63,22.1,9.0,3.8,7.6,0.0,0.0,1.3,1.8,2.3,2.7,0.4,0.3,1.2,0.7,1
Tarence Kinsey,48,20.1,7.7,2.9,6.3,0.3,1.0,1.6,2.0,0.6,1.4,0.9,1.1,0.0,1.0,0
Josh Richardson,52,21.3,6.6,2.4,5.2,1.0,2.2,0.8,1.2,0.4,1.7,1.4,0.7,0.5,0.7,0
Craig Smith,82,18.7,7.4,3.0,5.6,0.0,0.1,1.4,2.3,1.8,3.3,0.6,0.6,0.2,0.9,1
Shelden Williams,81,18.7,5.5,2.0,4.5,0.0,0.0,1.4,1.8,1.6,3.8,0.5,0.6,0.5,1.2,1
Paul Millsap,82,18.0,6.8,2.5,4.9,0.0,0.0,1.7,2.5,2.2,2.9,0.8,0.8,0.9,1.1,1
Rodney Carney,67,17.4,6.6,2.7,5.9,0.4,1.1,0.8,1.3,0.6,1.3,0.4,0.6,0.3,0.6,1
Marcus Williams,79,16.6,6.8,2.6,6.7,0.6,2.1,0.9,1.1,0.4,1.7,3.3,0.4,0.0,1.8,0
Daniel Gibson,60,16.5,4.6,1.6,3.9,0.9,2.1,0.5,0.7,0.5,1.1,1.2,0.4,0.1,0.7,1
Renaldo Balkman,68,15.6,4.9,2.0,4.0,0.1,0.4,0.8,1.3,1.4,2.9,0.6,0.8,0.7,0.7,1
Rondae Hollis-Jefferson,29,21.2,5.8,2.2,4.8,0.1,0.5,1.3,1.8,1.3,4.0,1.5,1.3,0.6,0.9,0
Jordan Farmar,72,15.1,4.4,1.7,4.1,0.6,1.9,0.4,0.5,0.3,1.3,1.9,0.6,0.1,1.0,1
Allan Ray,47,15.1,6.2,2.1,5.5,1.0,2.5,0.9,1.2,0.4,1.1,0.9,0.4,0.1,0.9,0
Mardy Collins,52,14.9,4.5,1.7,4.4,0.3,0.9,0.9,1.6,0.5,1.5,1.6,0.6,0.1,1.1,0
J.J. Redick,42,14.8,6.0,1.9,4.6,0.9,2.3,1.3,1.4,0.2,1.0,0.9,0.3,0.0,0.5,1
Tyrus Thomas,72,13.4,5.2,1.9,3.9,0.0,0.0,1.5,2.4,1.2,2.5,0.6,0.6,1.1,1.3,1
Alexander Johnson,59,12.8,4.4,1.5,2.9,0.0,0.0,1.3,2.0,0.8,2.2,0.3,0.4,0.6,0.8,0
Cedric Simmons,43,12.4,2.9,1.3,3.1,0.0,0.0,0.4,0.8,1.0,1.5,0.3,0.2,0.5,0.5,0
Frank Kaminsky,81,21.1,7.5,2.7,6.5,0.8,2.5,1.3,1.8,0.9,3.3,1.2,0.5,0.5,0.7,0
Shawne Williams,46,12.1,3.9,1.6,3.5,0.4,1.1,0.2,0.4,0.7,1.1,0.5,0.1,0.2,0.5,1
Ronnie Brewer,56,12.1,4.6,1.8,3.4,0.0,0.2,1.0,1.5,0.7,0.7,0.4,0.7,0.1,0.4,1
David Noel,68,11.6,2.7,1.0,2.6,0.3,0.8,0.5,0.6,0.6,1.2,1.0,0.4,0.1,0.6,0
Solomon Jones,58,11.5,3.3,1.1,2.2,0.0,0.0,1.0,1.3,0.8,1.5,0.2,0.2,0.7,0.4,1
Leon Powe,63,11.4,4.2,1.3,2.8,0.0,0.0,1.7,2.3,1.5,1.9,0.2,0.2,0.3,0.8,1
Hilton Armstrong,56,11.3,3.1,1.2,2.2,0.0,0.0,0.7,1.2,1.0,1.6,0.2,0.2,0.5,0.6,1
Josh Boone,61,11.0,4.2,1.6,2.8,0.0,0.0,0.9,1.7,1.0,1.8,0.2,0.2,0.3,0.5,0
Lynn Greer,41,10.5,4.1,1.5,3.4,0.4,1.3,0.7,0.8,0.0,0.6,1.3,0.4,0.0,0.4,0
Chris Quinn,42,9.7,3.4,1.1,3.1,0.5,1.4,0.6,0.9,0.1,0.6,1.5,0.4,0.0,0.5,1
Anthony Brown,29,20.7,4.0,1.3,4.3,0.7,2.4,0.6,0.7,0.3,2.1,0.7,0.5,0.2,0.5,0
Quincy Douby,42,8.5,2.8,1.1,3.0,0.3,1.2,0.3,0.4,0.3,0.6,0.4,0.4,0.1,0.4,0
Hassan Adams,61,8.1,2.9,1.2,2.2,0.0,0.0,0.4,0.6,0.6,0.7,0.2,0.3,0.1,0.4,0
Bobby Jones,44,7.6,2.5,1.0,2.1,0.0,0.2,0.5,0.9,0.5,0.8,0.4,0.3,0.0,0.4,1
Andre Brown,38,7.1,2.4,1.1,1.9,0.0,0.0,0.2,0.4,0.7,1.3,0.1,0.2,0.1,0.8,0
Steve Novak,35,5.5,1.5,0.5,1.4,0.4,1.1,0.1,0.1,0.1,0.6,0.2,0.1,0.0,0.1,1
Chris Paul,78,36.0,16.1,5.2,12.1,0.6,2.3,5.1,6.0,0.8,4.3,7.8,2.2,0.1,2.4,1
Raymond Felton,80,30.1,11.9,4.3,11.0,1.2,3.4,2.0,2.8,1.0,2.4,5.6,1.3,0.1,2.3,1
Charlie Villanueva,81,29.1,13.0,5.4,11.6,0.9,2.6,1.4,2.0,2.2,4.2,1.1,0.7,0.8,1.2,1
Luther Head,80,28.9,8.8,3.2,7.9,1.4,3.9,1.1,1.5,0.4,2.9,2.7,1.1,0.1,1.5,1
Deron Williams,80,28.8,10.8,4.2,10.1,1.1,2.7,1.2,1.7,0.4,2.0,4.5,0.8,0.2,1.8,1
Larry Nance Jr.,63,20.1,5.5,2.5,4.8,0.0,0.2,0.5,0.7,1.6,3.3,0.7,0.9,0.4,0.7,0
Marvin Williams,79,24.7,8.5,3.0,6.7,0.2,0.7,2.4,3.2,1.5,3.3,0.8,0.6,0.3,1.1,1
Channing Frye,65,24.2,12.3,4.7,9.8,0.0,0.1,2.9,3.5,2.1,3.6,0.8,0.5,0.7,1.5,1
Danny Granger,78,22.6,7.5,2.8,6.1,0.4,1.2,1.5,1.9,1.7,3.2,1.2,0.7,0.8,1.0,1
Ryan Gomes,61,22.6,7.6,2.8,5.8,0.0,0.1,1.8,2.4,1.7,3.2,1.0,0.6,0.1,0.9,1
Nate Robinson,72,21.4,9.3,3.2,7.8,0.8,2.0,2.1,2.8,0.8,1.5,2.0,0.8,0.0,1.6,1
Salim Stoudamire,61,20.3,9.7,3.3,8.1,1.3,3.5,1.6,1.8,0.2,1.7,1.2,0.4,0.1,1.3,0
Jarrett Jack,79,20.2,6.7,2.4,5.4,0.3,1.0,1.6,2.0,0.2,1.8,2.8,0.5,0.0,1.3,1
T.J. McConnell,81,19.8,6.1,2.7,5.7,0.4,1.1,0.3,0.5,0.5,2.6,4.5,1.2,0.1,1.7,0
Joey Graham,80,19.8,6.7,2.5,5.2,0.4,1.1,1.4,1.7,0.7,2.3,0.8,0.5,0.2,1.1,1
Monta Ellis,49,18.1,6.8,2.7,6.5,0.6,1.7,0.9,1.2,0.4,1.7,1.6,0.7,0.2,1.2,1
Martell Webster,61,17.5,6.6,2.3,5.7,1.1,3.0,1.0,1.2,0.5,1.7,0.6,0.3,0.2,0.7,1
Rashad McCants,79,17.2,7.9,3.1,6.8,0.8,2.3,1.0,1.3,0.4,1.4,0.8,0.6,0.3,1.1,0
David Lee,67,16.9,5.1,2.0,3.4,0.0,0.0,1.1,1.8,1.6,2.9,0.6,0.5,0.3,0.8,1
Alan Anderson,36,15.7,5.8,2.1,5.0,0.7,1.6,0.9,1.1,0.6,1.3,0.9,0.3,0.1,0.9,1
Orien Greene,80,15.4,3.2,1.3,3.2,0.1,0.5,0.6,0.9,0.5,1.4,1.6,1.0,0.1,1.4,0
Ike Diogu,69,14.9,7.0,2.5,4.8,0.0,0.0,2.0,2.4,1.4,1.9,0.4,0.2,0.4,1.1,1
Daniel Ewing,66,14.7,3.8,1.5,3.9,0.3,1.2,0.5,0.7,0.3,0.9,1.3,0.6,0.1,0.9,0
Gerald Fitch,18,13.3,4.7,1.7,4.9,0.4,1.4,0.9,1.3,0.4,1.3,1.8,0.4,0.3,0.8,0
James Singleton,59,12.8,3.4,1.3,2.6,0.2,0.3,0.7,0.8,1.1,2.3,0.5,0.3,0.4,0.5,1
Josh Powell,37,11.6,3.0,1.0,2.2,0.0,0.0,1.0,1.2,0.8,1.4,0.2,0.2,0.1,0.6,1
Hakim Warrick,68,10.6,4.1,1.5,3.4,0.0,0.0,1.1,1.7,0.6,1.5,0.4,0.2,0.3,0.8,1
Wayne Simien,43,9.6,3.4,1.3,2.8,0.0,0.0,0.7,0.8,0.9,1.2,0.2,0.3,0.0,0.6,0
Antoine Wright,39,9.5,1.8,0.7,2.1,0.0,0.4,0.3,0.6,0.2,0.6,0.3,0.1,0.1,0.5,1
Donell Taylor,51,9.1,2.7,1.0,2.7,0.1,0.3,0.6,0.8,0.3,0.7,0.9,0.6,0.1,0.7,0
C.J. Miles,23,8.8,3.4,1.2,3.3,0.2,0.9,0.8,1.0,0.8,0.9,0.7,0.3,0.1,0.4,1
Malcolm Brogdon,32,22.9,8.3,3.2,6.9,0.9,2.1,0.9,1.1,0.4,2.1,3.6,1.0,0.1,1.5,0
Kevin Burleson,39,8.7,1.8,0.6,2.3,0.3,1.4,0.4,0.4,0.1,0.6,1.2,0.7,0.1,0.6,0
Shavlik Randolph,57,8.5,2.3,0.8,1.7,0.0,0.0,0.8,1.2,1.0,1.4,0.3,0.3,0.2,0.4,1
Andrew Bynum,46,7.3,1.6,0.7,1.8,0.0,0.0,0.2,0.6,0.7,1.0,0.2,0.1,0.5,0.4,1
Lawrence Roberts,33,5.5,1.5,0.6,1.3,0.0,0.1,0.3,0.7,0.8,0.7,0.2,0.2,0.1,0.1,0
Emeka Okafor,73,35.6,15.1,6.1,13.7,0.0,0.0,2.9,4.7,3.8,7.1,0.9,0.8,1.7,1.7,1
Andre Iguodala,82,32.8,9.0,3.3,6.7,0.6,1.7,1.9,2.6,1.1,4.6,3.0,1.7,0.6,1.7,1
Dwight Howard,82,32.6,12.0,4.3,8.3,0.0,0.0,3.4,5.0,3.5,6.5,0.9,0.9,1.7,2.0,1
Josh Childress,80,29.7,10.1,3.8,8.0,0.2,0.7,2.4,2.9,2.4,3.6,1.9,0.9,0.4,1.3,1
Josh Smith,74,27.7,9.7,3.7,8.1,0.1,0.3,2.2,3.2,2.0,4.2,1.7,0.8,1.9,1.8,1
Chris Duhon,82,26.5,5.9,2.1,6.0,1.1,3.2,0.6,0.8,0.3,2.3,4.9,1.0,0.0,1.4,1
J.R. Smith,76,24.5,10.3,3.9,9.8,1.1,3.7,1.5,2.1,0.5,1.5,1.9,0.7,0.1,1.4,1
Quinton Ross,78,21.3,5.1,2.1,4.8,0.0,0.1,0.9,1.4,0.8,1.9,1.4,0.7,0.3,0.7,1
Jameer Nelson,79,20.4,8.7,3.6,7.9,0.6,1.8,0.9,1.4,0.7,1.8,3.0,1.0,0.0,1.5,1
Bobby Portis,62,17.8,7.0,3.0,7.0,0.3,0.8,0.8,1.1,2.0,3.5,0.8,0.4,0.3,0.9,0
Sebastian Telfair,68,19.6,6.8,2.5,6.3,0.3,1.0,1.5,2.0,0.1,1.4,3.3,0.5,0.1,1.8,1
Matt Freije,23,19.2,4.0,1.6,5.5,0.6,2.3,0.2,0.3,0.7,2.0,0.9,0.6,0.1,0.7,0
Matt Bonner,82,18.9,7.2,3.0,5.6,0.5,1.1,0.7,0.9,1.3,2.2,0.6,0.5,0.2,0.5,1
David Harrison,43,17.7,6.1,2.5,4.3,0.0,0.0,1.2,2.1,1.1,2.0,0.3,0.4,1.3,1.2,0
Trevor Ariza,80,17.3,5.9,2.2,4.9,0.0,0.2,1.5,2.2,1.1,1.9,1.1,0.9,0.2,0.9,1
Nick Collison,82,17.0,5.6,2.3,4.3,0.0,0.0,1.0,1.4,1.9,2.7,0.4,0.4,0.6,0.8,1
Tony Allen,77,16.4,6.4,2.4,5.0,0.2,0.4,1.5,2.0,1.1,1.8,0.8,1.0,0.3,1.0,1
Devin Harris,76,15.4,5.7,2.1,4.8,0.6,1.7,1.0,1.4,0.4,1.0,2.2,1.0,0.3,1.1,1
Jackson Vroman,46,15.3,4.6,1.8,4.3,0.0,0.1,1.0,1.6,1.4,2.4,0.9,0.5,0.4,1.4,0
Al Jefferson,71,14.8,6.7,2.7,5.2,0.0,0.0,1.2,1.9,1.7,2.7,0.3,0.3,0.8,0.9,1
Billy Thomas,25,14.2,3.7,1.4,3.8,0.7,2.2,0.3,0.4,0.3,1.2,0.7,0.6,0.0,0.4,0
Kirk Snyder,68,13.3,5.0,1.8,4.8,0.4,1.3,0.9,1.4,0.7,1.0,0.5,0.4,0.3,0.8,0
Royal Ivey,62,13.0,3.5,1.4,3.2,0.0,0.1,0.8,1.1,0.3,1.0,1.7,0.6,0.1,0.9,1
Kris Humphries,67,13.0,4.1,1.7,4.3,0.0,0.1,0.7,1.5,1.1,1.9,0.6,0.4,0.3,0.8,1
Delonte West,39,13.0,4.5,1.7,4.0,0.6,1.7,0.5,0.7,0.4,1.3,1.4,0.5,0.2,0.6,1
Andre Barrett,38,12.7,3.1,1.2,3.3,0.4,1.4,0.4,0.5,0.3,0.8,1.8,0.5,0.0,0.7,0
Lionel Chalmers,36,12.0,3.1,1.2,3.5,0.3,1.4,0.4,0.7,0.1,0.8,1.4,0.4,0.0,0.7,0
Jerian Grant,76,16.6,5.6,2.0,5.1,0.3,1.3,1.3,1.6,0.3,1.6,2.3,0.7,0.1,1.1,0
Donta Smith,38,11.4,3.3,1.2,3.0,0.2,0.6,0.9,1.3,0.5,0.9,1.0,0.6,0.1,0.7,0
James Thomas,11,10.6,2.4,1.1,1.8,0.0,0.0,0.2,0.5,1.5,1.8,0.4,0.4,0.4,0.6,0
Kevin Martin,45,10.1,2.9,1.0,2.6,0.1,0.6,0.8,1.2,0.6,0.6,0.5,0.4,0.1,0.5,1
LeBron James,79,39.5,20.9,7.9,18.9,0.8,2.7,4.4,5.8,1.3,4.2,5.9,1.6,0.7,3.5,1
Carmelo Anthony,82,36.5,21.0,7.6,17.9,0.8,2.6,5.0,6.4,2.2,3.8,2.8,1.2,0.5,3.0,1
Kirk Hinrich,76,35.6,12.0,4.2,10.8,1.9,4.9,1.8,2.2,0.6,2.9,6.8,1.3,0.3,2.7,1
Dwyane Wade,61,34.9,16.2,6.1,13.1,0.3,0.9,3.8,5.1,1.4,2.7,4.5,1.4,0.6,3.2,1
Chris Bosh,75,33.5,11.5,4.4,9.5,0.1,0.2,2.7,3.8,2.5,4.9,1.0,0.8,1.4,1.4,1
Jarvis Hayes,70,29.2,9.6,4.0,9.9,0.6,1.9,1.1,1.4,1.0,2.8,1.5,1.0,0.2,1.6,1
T.J. Ford,55,26.8,7.1,2.8,7.2,0.1,0.4,1.5,1.8,0.7,2.5,6.5,1.1,0.1,2.5,1
Keith Bogans,73,24.5,6.8,2.5,6.2,0.9,2.6,0.9,1.4,1.5,2.9,1.3,0.6,0.1,1.0,1
Udonis Haslem,75,23.9,7.3,2.7,6.0,0.0,0.0,1.9,2.4,2.5,3.8,0.7,0.4,0.3,1.0,1
Josh Howard,67,23.7,8.6,3.4,7.9,0.3,1.0,1.4,2.1,2.2,3.3,1.4,1.0,0.8,1.0,1
Chris Kaman,82,22.5,6.1,2.4,5.3,0.0,0.0,1.2,1.7,1.5,4.1,1.0,0.3,0.9,1.9,1
Tyus Jones,37,15.5,4.2,1.5,4.2,0.4,1.4,0.8,1.1,0.2,1.1,2.9,0.8,0.1,0.9,0
Matt Barnes,38,19.1,4.5,1.7,3.6,0.1,0.3,1.1,1.6,1.4,2.6,1.3,0.7,0.1,1.2,1
Ronald Dupree,47,19.0,6.2,2.4,6.0,0.1,0.2,1.4,2.2,1.2,2.4,1.2,0.7,0.4,1.1,1
Steve Blake,75,18.6,5.9,2.1,5.4,1.0,2.7,0.7,0.9,0.2,1.3,2.8,0.8,0.1,1.7,1
Marquis Daniels,56,18.6,8.5,3.6,7.3,0.2,0.6,1.1,1.4,1.2,1.4,2.1,0.9,0.2,0.8,1
Linton Johnson,41,17.9,4.2,1.8,5.0,0.2,0.8,0.5,0.9,1.4,3.0,0.7,0.9,0.8,0.9,1
Marcus Banks,81,17.1,5.9,2.2,5.5,0.3,1.1,1.2,1.6,0.4,1.3,2.2,1.1,0.2,1.5,1
Luke Ridnour,69,16.1,5.5,2.1,5.1,0.4,1.2,0.9,1.1,0.5,1.1,2.4,0.8,0.1,1.2,1
Willie Green,53,14.5,6.9,2.7,6.7,0.4,1.2,1.1,1.5,0.3,0.9,1.0,0.5,0.1,1.1,1
Chris McCullough,24,15.1,4.7,1.8,4.5,0.5,1.4,0.5,1.0,1.0,1.8,0.4,1.2,0.5,0.6,0
Mo Williams,57,13.5,5.0,2.0,5.3,0.2,0.7,0.8,1.0,0.4,0.9,1.3,0.5,0.0,0.9,1
David West,71,13.1,3.8,1.5,3.2,0.0,0.0,0.8,1.1,1.6,2.5,0.8,0.4,0.4,0.7,1
Brian Cook,35,12.6,4.4,1.9,4.0,0.0,0.1,0.6,0.8,0.9,2.0,0.6,0.5,0.5,0.5,1
Travis Hansen,41,12.4,3.0,1.1,3.2,0.2,0.7,0.5,0.7,0.7,1.0,0.5,0.2,0.2,0.4,0
Kyle Korver,74,11.9,4.5,1.6,4.4,1.1,2.8,0.3,0.3,0.4,1.1,0.5,0.3,0.1,0.6,1
Norman Powell,49,14.8,5.6,2.0,4.7,0.7,1.8,0.9,1.1,0.3,1.9,1.0,0.6,0.2,0.7,0
Brandon Hunter,36,11.3,3.5,1.5,3.2,0.0,0.1,0.5,1.2,1.4,1.9,0.5,0.4,0.0,0.6,0
Jason Kapono,41,10.4,3.5,1.3,3.1,0.5,1.1,0.5,0.6,0.5,0.9,0.3,0.3,0.1,0.5,1
Luke Walton,72,10.1,2.4,0.9,2.1,0.2,0.5,0.4,0.6,0.5,1.2,1.6,0.4,0.1,0.6,1
Reece Gaines,38,9.6,1.8,0.7,2.3,0.1,0.3,0.4,0.7,0.2,0.8,1.1,0.3,0.1,0.5,0
Richie Frahm,54,8.7,3.4,1.2,2.6,0.6,1.7,0.4,0.5,0.2,0.8,0.4,0.3,0.1,0.1,0
Matt Carroll,16,4.4,1.2,0.4,1.0,0.1,0.2,0.3,0.4,0.1,0.3,0.1,0.1,0.0,0.4,1
Caron Butler,78,36.6,15.4,5.5,13.2,0.4,1.4,4.0,4.8,1.7,3.4,2.7,1.8,0.4,2.5,1
Jonathon Simmons,55,14.8,6.0,2.2,4.4,0.3,0.9,1.3,1.7,0.3,1.5,1.1,0.4,0.1,1.0,0
Amar'e Stoudemire,82,31.3,13.5,4.8,10.1,0.0,0.1,3.9,5.9,3.0,5.7,1.0,0.8,1.1,2.3,1
Dajuan Wagner,47,29.5,13.4,4.7,12.9,1.2,3.7,2.7,3.4,0.4,1.3,2.8,0.8,0.1,1.8,0
Drew Gooden,70,26.8,12.5,5.1,11.1,0.2,0.7,2.2,3.0,2.3,4.2,1.2,0.8,0.5,2.1,1
Jay Williams,75,26.1,9.5,3.6,9.1,0.9,2.7,1.4,2.1,0.4,2.2,4.7,1.1,0.2,2.3,0
Carlos Rogers,81,25.3,10.0,4.1,7.6,0.0,0.0,1.8,2.4,2.5,5.0,1.3,0.7,0.6,1.3,1
Carlos Rogers,49,20.8,8.9,3.7,6.9,0.0,0.3,1.6,3.0,2.2,3.5,0.8,0.5,1.1,1.7,1
Junior Harrington,82,24.4,5.1,2.1,5.7,0.1,0.3,0.9,1.4,0.5,2.5,3.4,1.0,0.2,1.9,0
J.R. Bremer,64,23.5,8.3,2.7,7.3,1.6,4.5,1.3,1.7,0.3,2.0,2.6,0.6,0.1,0.9,0
Dorian Finney-Smith,33,22.8,5.2,1.9,4.6,0.9,2.8,0.6,0.8,0.7,2.2,1.0,0.6,0.3,0.7,0
Rashad Vaughn,70,14.3,3.1,1.2,3.8,0.6,2.1,0.2,0.2,0.2,1.1,0.6,0.4,0.2,0.4,0
Vincent Yarbrough,59,23.4,6.9,2.8,7.3,0.4,1.3,0.8,1.1,0.6,2.1,2.2,1.0,0.6,1.4,0
Rasual Butler,72,21.0,7.5,2.9,7.9,0.7,2.4,1.1,1.4,0.4,2.2,1.3,0.3,0.6,1.1,1
Reggie Evans,67,20.4,3.2,1.0,2.1,0.0,0.0,1.2,2.3,2.5,4.1,0.5,0.6,0.2,0.8,1
Smush Parker,66,16.7,6.2,2.1,5.1,0.6,1.8,1.5,1.8,0.4,1.4,2.5,0.7,0.2,2.0,1
Mike Batiste,75,16.6,6.4,2.6,6.2,0.2,1.1,0.9,1.2,1.1,2.3,0.7,0.6,0.2,0.9,0
Mike Dunleavy,82,15.9,5.7,2.0,5.1,0.6,1.8,1.0,1.2,0.8,1.8,1.3,0.7,0.2,1.1,1
Jarell Martin,27,14.1,5.7,2.0,4.3,0.0,0.1,1.7,2.3,1.4,1.7,0.6,0.3,0.3,0.7,0
Casey Jacobsen,72,15.9,5.1,1.7,4.5,0.7,2.3,1.0,1.5,0.4,0.8,1.0,0.5,0.1,0.8,0
Juan Dixon,42,15.4,6.4,2.5,6.5,0.6,2.0,0.9,1.1,0.3,1.4,1.0,0.6,0.1,1.0,1
Melvin Ely,52,15.4,4.5,1.8,3.6,0.0,0.0,1.0,1.4,1.2,2.1,0.3,0.2,0.6,1.0,1
Mike Wilks,46,15.0,3.2,1.1,3.2,0.2,0.8,0.8,1.0,0.4,1.1,2.0,0.6,0.1,0.6,1
Sean Lampley,35,13.9,4.8,1.6,3.7,0.0,0.1,1.6,2.3,0.7,1.6,0.9,0.2,0.1,0.7,0
Chris Jefferies,51,13.1,3.9,1.5,3.8,0.4,1.1,0.6,0.8,0.3,0.8,0.4,0.4,0.3,0.9,0
Lonny Baxter,55,12.4,4.8,1.7,3.7,0.0,0.0,1.3,1.9,1.2,1.8,0.3,0.2,0.4,0.8,0
Juaquin Hawkins,58,11.8,2.3,1.0,2.6,0.2,0.4,0.2,0.3,0.3,1.1,0.8,0.5,0.1,0.5,0
Richaun Holmes,51,13.8,5.6,2.2,4.4,0.2,0.9,1.0,1.5,1.2,1.4,0.6,0.4,0.8,0.6,0
Kareem Rush,76,11.5,3.0,1.3,3.2,0.3,0.9,0.2,0.3,0.3,0.9,0.9,0.1,0.1,0.8,1
Marcus Haislip,39,11.3,4.1,1.7,3.9,0.1,0.3,0.7,1.0,0.5,0.8,0.2,0.2,0.5,0.5,0
Chris Wilcox,46,10.4,3.7,1.6,3.0,0.0,0.0,0.5,1.1,0.7,1.6,0.5,0.1,0.3,0.6,1
Dan Dickau,50,10.3,3.7,1.4,3.4,0.4,1.2,0.4,0.5,0.2,0.7,1.7,0.3,0.0,1.1,1
Tayshaun Prince,42,10.4,3.3,1.3,2.8,0.5,1.1,0.3,0.4,0.1,1.0,0.6,0.2,0.3,0.5,1
Ryan Humphrey,48,9.3,1.9,0.7,2.5,0.0,0.0,0.5,0.8,0.7,1.4,0.2,0.2,0.4,0.5,0
John Salmons,64,7.9,2.1,0.8,1.8,0.2,0.5,0.4,0.5,0.3,0.7,0.7,0.3,0.1,0.5,1
Tamar Slay,36,7.6,2.6,1.1,2.9,0.2,0.7,0.2,0.3,0.2,0.6,0.4,0.4,0.1,0.6,0
Qyntel Woods,53,6.3,2.4,1.1,2.2,0.1,0.2,0.1,0.4,0.3,0.7,0.2,0.3,0.0,0.4,0
Cameron Payne,57,12.2,5.0,2.0,4.9,0.6,1.9,0.3,0.4,0.2,1.3,1.9,0.6,0.1,0.8,0
Adam Harrington,19,5.8,1.6,0.6,1.9,0.3,0.7,0.2,0.2,0.1,0.4,0.6,0.1,0.1,0.1,0
Shane Battier,78,39.7,14.4,5.3,12.3,1.3,3.5,2.5,3.6,2.3,3.1,2.8,1.6,1.0,2.0,1
Jason Richardson,80,32.9,14.4,5.8,13.6,1.0,3.1,1.8,2.6,1.6,2.7,3.0,1.3,0.4,2.0,1
Jamaal Tinsley,80,30.5,9.4,3.6,9.5,0.5,2.2,1.6,2.3,1.0,2.8,8.1,1.7,0.5,3.4,1
Sonny Parker,77,29.4,9.2,3.5,8.3,0.8,2.5,1.4,2.1,0.4,2.1,4.3,1.2,0.1,2.0,1
Trenton Hassell,78,28.7,8.7,3.4,8.1,0.8,2.1,1.1,1.5,0.8,2.4,2.2,0.7,0.6,1.3,1
Justin Anderson,55,11.8,3.8,1.3,3.2,0.4,1.5,0.8,1.0,0.3,2.1,0.5,0.3,0.5,0.4,0
Eddie Griffin,73,26.0,8.8,3.3,9.1,1.2,3.7,0.9,1.2,1.6,4.1,0.7,0.2,1.8,0.6,1
Joe Johnson,77,24.9,7.5,3.3,7.6,0.5,1.7,0.5,0.7,1.0,2.4,2.3,0.8,0.3,0.9,1
Gilbert Arenas,47,24.6,10.9,3.7,8.2,0.8,2.4,2.6,3.4,0.9,1.9,3.7,1.5,0.2,2.1,1
Richard Jefferson,79,24.3,9.4,3.4,7.5,0.2,0.7,2.4,3.4,1.1,2.6,1.8,0.8,0.6,1.4,1
Speedy Claxton,67,22.8,7.2,2.7,6.7,0.1,0.5,1.7,2.0,0.7,1.7,3.0,1.4,0.1,1.4,1
Jarron Collins,70,20.6,6.4,2.3,4.9,0.0,0.0,1.9,2.6,2.0,2.3,0.8,0.4,0.3,0.8,1
Brendan Haywood,62,20.4,5.1,1.8,3.6,0.0,0.0,1.6,2.6,2.3,2.9,0.5,0.3,1.5,0.8,1
Tyson Chandler,71,19.6,6.1,2.1,4.3,0.0,0.0,1.9,3.1,1.6,3.2,0.8,0.4,1.3,1.4,1
Jason Collins,77,18.3,4.5,1.5,3.6,0.0,0.0,1.5,2.1,1.7,2.2,1.1,0.4,0.6,0.9,1
Troy Murphy,82,17.7,5.9,2.2,5.2,0.0,0.1,1.5,1.9,1.2,2.7,0.9,0.4,0.3,1.0,1
Terence Morris,68,16.3,3.8,1.6,4.3,0.2,1.1,0.3,0.4,1.1,2.0,0.9,0.3,0.4,0.7,0
Eddy Curry,72,16.0,6.7,2.6,5.2,0.0,0.0,1.5,2.2,1.5,2.2,0.3,0.2,0.7,1.0,1
Kenny Satterfield,36,15.6,5.3,2.0,5.5,0.2,0.8,1.0,1.3,0.5,1.0,3.0,0.9,0.0,1.5,0
Earl Watson,64,15.1,3.6,1.5,3.3,0.3,0.7,0.4,0.6,0.5,0.8,2.0,0.9,0.1,0.8,1
Kwame Brown,57,14.3,4.5,1.6,4.3,0.0,0.0,1.2,1.7,1.1,2.4,0.8,0.3,0.5,0.8,1
Will Solomon,62,14.1,5.2,1.8,5.3,0.7,2.6,0.8,1.2,0.2,0.9,1.5,0.6,0.1,1.0,0
Lamar Patterson,35,11.3,2.4,0.8,2.3,0.3,1.4,0.5,0.6,0.1,1.3,1.1,0.3,0.1,0.7,0
Etan Thomas,47,13.1,4.3,1.7,3.2,0.0,0.0,0.9,1.6,1.2,2.7,0.1,0.4,0.7,0.6,1
Tierre Brown,40,10.1,3.1,1.2,2.9,0.1,0.3,0.5,0.7,0.3,0.8,1.8,0.5,0.1,1.0,0
Steven Hunter,53,9.7,3.6,1.3,2.8,0.0,0.0,1.0,1.8,0.8,1.1,0.1,0.1,0.8,0.3,1
Loren Woods,60,8.6,1.8,0.6,1.6,0.0,0.0,0.7,1.0,0.8,1.3,0.4,0.3,0.6,0.6,1
Alton Ford,53,8.5,3.1,1.2,2.2,0.0,0.0,0.8,1.1,0.6,1.4,0.1,0.1,0.1,0.6,0
Gerald Wallace,54,8.0,3.2,1.4,3.2,0.0,0.1,0.4,0.9,0.9,0.7,0.5,0.3,0.1,0.4,1
Joe Crispin,21,7.4,3.8,1.2,3.2,0.7,1.9,0.6,0.6,0.1,0.4,1.2,0.2,0.0,0.5,0
Zach Randolph,41,5.8,2.8,1.2,2.6,0.0,0.0,0.4,0.7,0.8,0.9,0.3,0.2,0.1,0.4,1
Brandon Armstrong,35,5.6,1.8,0.8,2.4,0.1,0.5,0.1,0.3,0.3,0.2,0.2,0.2,0.0,0.2,0
Willie Reed,39,10.9,4.7,1.9,3.4,0.0,0.0,0.8,1.4,1.3,1.9,0.3,0.1,0.8,0.4,0
Kenyon Martin,68,33.4,12.0,5.1,11.4,0.0,0.2,1.8,2.8,2.0,5.4,1.9,1.1,1.7,2.0,1
Marc Jackson,48,29.4,13.2,4.9,10.6,0.1,0.5,3.2,4.0,2.5,5.0,1.2,0.7,0.6,1.9,1
Mike Miller,82,29.1,11.9,4.5,10.3,1.8,4.4,1.1,1.6,0.8,3.2,1.7,0.6,0.2,1.2,1
Darius Miles,81,26.3,9.4,3.9,7.8,0.0,0.2,1.5,2.9,1.6,4.3,1.2,0.6,1.5,1.8,1
Morris Peterson,80,22.6,9.3,3.6,8.4,0.8,2.1,1.3,1.8,1.4,1.8,1.3,0.8,0.3,1.0,1
Chris Porter,51,22.5,8.6,3.4,8.7,0.0,0.1,1.8,2.8,1.7,2.0,1.2,0.9,0.1,1.2,0
Marcus Fizer,72,21.9,9.5,3.9,9.0,0.1,0.5,1.6,2.2,1.1,3.3,1.1,0.4,0.3,1.7,1
Stephen Jackson,77,21.6,8.2,3.2,7.4,0.7,2.0,1.3,1.8,0.5,2.2,1.8,1.1,0.2,1.7,1
Courtney Alexander,65,21.3,9.5,3.7,8.8,0.3,0.7,1.9,2.3,0.6,1.6,1.0,0.7,0.1,1.1,0
Chris Mihm,59,19.8,7.6,2.9,6.6,0.0,0.0,1.7,2.1,1.8,2.9,0.3,0.3,0.9,1.4,1
Kelly Oubre,63,10.7,3.7,1.4,3.3,0.4,1.3,0.5,0.8,0.4,1.7,0.2,0.3,0.1,0.5,0
Desmond Mason,78,19.5,5.9,2.4,5.6,0.2,0.9,0.9,1.2,0.9,2.3,0.8,0.5,0.3,0.7,1
Khalid El-Amin,50,18.7,6.3,2.3,6.2,0.6,1.7,1.1,1.4,0.4,1.2,2.9,1.0,0.0,1.1,0
Quentin Richardson,76,17.9,8.1,3.1,6.9,0.7,2.0,1.3,2.1,1.4,2.0,0.8,0.6,0.1,0.8,1
Mark Blount,64,17.2,3.9,1.6,3.1,0.0,0.0,0.7,1.0,1.5,2.1,0.5,0.6,1.2,1.0,1
Jamal Crawford,61,17.2,4.6,1.8,5.0,0.7,1.9,0.4,0.6,0.1,1.3,2.3,0.7,0.2,1.4,1
DerMarr Johnson,78,16.8,5.1,1.9,5.0,0.5,1.6,0.8,1.1,0.7,1.6,0.8,0.6,0.4,1.2,1
Stromile Swift,80,16.4,4.9,1.9,4.2,0.0,0.1,1.1,1.8,1.4,2.2,0.4,0.8,1.0,0.8,1
Keyon Dooling,76,16.3,5.9,1.9,4.8,0.4,1.1,1.6,2.4,0.1,1.1,2.3,0.5,0.1,1.2,1
Mateen Cleaves,78,16.3,5.4,2.1,5.1,0.1,0.2,1.2,1.8,0.3,1.4,2.7,0.6,0.0,1.8,1
Mike Penberthy,53,16.1,5.0,1.7,4.2,1.0,2.6,0.5,0.6,0.2,1.0,1.3,0.4,0.0,0.6,0
Lee Nailon,42,11.2,3.9,1.6,3.2,0.0,0.0,0.8,1.0,0.7,1.5,0.6,0.2,0.1,0.6,1
Eddie House,50,11.0,5.0,2.1,4.9,0.4,1.1,0.5,0.7,0.1,0.7,1.0,0.3,0.0,0.7,1
Paul McPherson,55,10.8,4.8,2.0,3.9,0.0,0.2,0.8,1.1,0.7,0.7,0.7,0.5,0.1,0.8,0
Daniel Santiago,54,10.8,3.1,1.2,2.5,0.0,0.0,0.8,1.1,0.6,1.2,0.2,0.3,0.4,0.9,0
Isaiah Whitehead,25,22.6,6.7,2.6,6.4,0.5,1.8,0.9,1.2,0.2,2.0,3.0,0.7,0.5,2.2,0
Darrun Hilliard,38,10.1,4.0,1.4,3.4,0.5,1.3,0.8,1.1,0.1,1.1,0.7,0.2,0.0,0.5,0
Mark Madsen,70,9.2,2.0,0.8,1.6,0.0,0.0,0.4,0.5,1.1,1.1,0.3,0.1,0.1,0.4,1
DeShawn Stevenson,40,7.3,2.2,0.8,2.3,0.0,0.3,0.7,1.0,0.2,0.5,0.5,0.3,0.1,0.7,1
Elton Brand,81,37.0,20.1,7.8,16.1,0.0,0.0,4.5,6.6,4.3,5.7,1.9,0.8,1.6,2.8,1
Lamar Odom,76,36.4,16.6,5.9,13.5,0.8,2.2,4.0,5.5,2.1,5.7,4.2,1.2,1.3,3.4,1
Steve Francis,77,36.1,18.0,6.5,14.5,1.4,4.0,3.7,4.7,2.0,3.3,6.6,1.5,0.4,4.0,1
Metta World Peace,72,31.1,12.0,4.3,10.5,0.8,2.7,2.6,3.9,0.9,3.4,2.8,1.6,0.5,2.3,1
Walt Szczerbiak,73,29.7,11.6,4.7,9.2,0.4,1.1,1.8,2.2,1.2,2.5,2.8,0.8,0.3,1.1,0
Adrian Griffin,72,26.8,6.7,2.4,5.7,0.2,0.8,1.7,2.2,1.8,3.4,2.5,1.6,0.2,1.3,1
Andre Miller,82,25.5,11.1,4.1,9.2,0.1,0.6,2.8,3.6,1.0,2.4,5.8,1.0,0.2,2.0,1
James Posey,81,25.3,8.2,2.8,6.6,1.0,2.7,1.5,1.9,1.0,2.9,1.8,1.2,0.4,1.2,1
Kenny Thomas,72,25.0,8.3,2.9,7.4,0.4,1.7,1.9,2.9,2.0,4.0,1.6,0.8,0.3,1.6,1
Shawn Marion,51,24.7,10.2,4.4,9.2,0.1,0.4,1.4,1.7,2.1,4.5,1.4,0.8,1.0,1.0,1
Vonteego Cummings,75,23.9,9.4,3.5,8.7,0.7,2.0,1.7,2.3,0.8,1.7,3.3,1.2,0.2,1.8,0
Anthony Carter,79,23.5,6.3,2.5,6.4,0.0,0.3,1.2,1.6,0.6,1.9,4.8,1.2,0.1,2.2,1
Jason Terry,81,23.3,8.1,3.1,7.4,0.6,1.9,1.4,1.7,0.3,1.8,4.3,1.1,0.1,1.9,1
Chucky Atkins,82,19.8,9.5,3.8,9.0,0.7,2.0,1.2,1.6,0.2,1.3,3.7,0.6,0.0,1.7,1
Richard Hamilton,71,19.3,9.0,3.6,8.5,0.4,1.1,1.5,1.9,0.5,1.3,1.5,0.4,0.1,1.2,1
Greg Buckner,48,19.2,5.7,2.3,4.9,0.2,0.5,0.9,1.3,1.2,2.5,1.1,0.8,0.4,0.8,1
Langston Galloway,45,32.4,11.8,4.5,11.4,1.4,3.9,1.4,1.7,0.8,3.4,3.3,1.2,0.3,1.4,0
Baron Davis,82,18.6,5.9,2.2,5.3,0.3,1.4,1.2,1.9,0.6,1.4,3.8,1.2,0.2,1.7,1
Corey Maggette,77,17.8,8.4,2.9,6.1,0.0,0.1,2.5,3.4,1.6,2.3,0.8,0.3,0.3,1.8,1
Eddie Robinson,67,16.6,7.0,3.2,5.8,0.0,0.1,0.7,1.0,0.8,1.9,0.5,0.7,0.4,0.6,1
Michael Ruffin,71,13.7,2.2,0.8,1.9,0.0,0.0,0.6,1.2,1.6,1.9,0.6,0.4,0.4,0.8,1
Chris Herren,45,13.3,3.1,1.0,2.8,0.5,1.5,0.6,0.9,0.3,0.9,2.5,0.3,0.0,0.9,0
Quincy Lewis,74,12.1,3.8,1.5,4.0,0.3,0.9,0.5,0.7,0.6,0.9,0.5,0.3,0.2,0.6,0
Ryan Bowen,52,11.3,2.5,0.9,2.3,0.0,0.2,0.7,1.0,1.4,0.8,0.4,0.8,0.3,0.3,1
Cal Bowdler,46,9.2,2.7,1.1,2.5,0.0,0.0,0.5,0.8,0.5,1.4,0.3,0.3,0.2,0.5,0
Scott Padgett,47,9.2,2.6,0.9,3.0,0.3,0.9,0.4,0.6,0.5,1.4,0.5,0.3,0.2,0.5,1
Nerlens Noel,75,30.8,9.9,4.0,8.7,0.0,0.0,1.9,3.1,2.5,5.7,1.7,1.8,1.9,1.9,0
Roy Rogers,40,8.9,2.2,0.9,2.2,0.0,0.0,0.5,1.0,0.8,1.2,0.2,0.1,0.9,0.3,0
William Avery,59,8.2,2.6,0.9,3.1,0.3,1.1,0.4,0.6,0.1,0.5,1.5,0.2,0.0,0.7,0
Milt Palacio,53,7.4,2.0,0.8,1.8,0.0,0.0,0.4,0.7,0.3,0.6,0.9,0.4,0.0,0.8,1
Devean George,49,7.0,3.2,1.1,2.9,0.3,1.0,0.6,0.8,0.6,0.9,0.2,0.2,0.1,0.4,1
Lari Ketner,22,6.0,1.5,0.6,1.5,0.0,0.0,0.4,0.5,0.5,1.0,0.0,0.2,0.1,0.5,0
Jason Williams,50,36.1,12.8,4.6,12.3,2.0,6.5,1.6,2.1,0.3,2.8,6.0,1.9,0.0,2.9,1
Vince Carter,50,35.2,18.3,6.9,15.3,0.4,1.3,4.1,5.4,1.9,3.8,3.0,1.1,1.5,2.2,1
Mike Bibby,50,35.2,13.2,5.2,12.1,0.3,1.5,2.5,3.4,0.6,2.1,6.5,1.6,0.1,2.9,1
Paul Pierce,48,34.0,16.5,5.9,13.5,1.8,4.3,2.9,4.1,2.4,4.0,2.4,1.7,1.0,2.4,1
Elfrid Payton,82,30.4,8.9,3.7,8.6,0.1,0.5,1.4,2.6,1.3,3.0,6.5,1.7,0.2,2.5,0
Michael Dickerson,50,31.2,10.9,4.3,9.2,1.4,3.3,0.9,1.4,0.5,1.1,1.9,0.5,0.2,1.3,1
Jamie Feick,28,30.4,6.3,2.4,4.8,0.0,0.0,1.5,2.1,4.0,6.3,0.9,0.9,0.6,1.2,1
Jamie Feick,41,15.2,3.7,1.4,3.8,0.1,0.3,0.8,1.6,2.0,3.2,0.6,0.4,0.3,0.8,1
Cuttino Mobley,49,29.7,9.9,3.5,8.3,1.1,3.0,1.8,2.2,0.4,1.8,2.5,0.9,0.5,1.6,1
Tyrone Nesby,50,25.8,10.1,3.6,8.1,0.7,1.9,2.1,2.7,1.1,2.4,1.6,1.5,0.4,1.1,0
Antawn Jamison,47,22.5,9.6,3.8,8.4,0.1,0.2,1.9,3.3,2.8,3.6,0.7,0.8,0.3,1.4,1
Matt Harpring,50,22.3,8.2,3.0,6.4,0.2,0.5,2.0,2.9,1.8,2.5,0.9,0.6,0.1,1.5,1
Jabari Parker,25,29.5,12.3,5.2,10.5,0.2,0.6,1.8,2.6,2.0,3.5,1.7,1.2,0.2,1.9,0
Larry Hughes,50,19.8,9.1,3.4,8.3,0.2,1.0,2.1,3.0,1.7,2.1,1.5,0.9,0.3,1.4,1
Robert Traylor,49,16.0,5.3,2.2,4.1,0.0,0.0,0.9,1.6,1.6,2.1,0.8,0.9,0.9,0.9,1
Michael Doleac,49,15.9,6.2,2.6,5.4,0.0,0.0,1.1,1.6,1.3,1.7,0.4,0.4,0.3,0.5,1
Cory Carr,42,14.9,4.1,1.7,5.1,0.1,0.7,0.6,0.8,0.2,1.0,1.6,0.5,0.2,1.1,0
Keon Clark,28,14.6,3.3,1.3,2.9,0.0,0.0,0.8,1.3,1.3,2.1,0.4,0.4,1.1,0.8,1
Damon Jones,24,14.3,5.2,1.8,5.0,1.0,2.6,0.6,0.7,0.3,1.6,1.8,0.5,0.0,0.7,1
Pat Garrity,39,13.8,5.6,2.2,4.4,0.2,0.5,1.0,1.4,0.7,1.3,0.5,0.2,0.1,0.5,1
Marcus Smart,67,27.0,7.8,2.6,7.1,1.4,4.1,1.2,1.9,0.9,2.4,3.1,1.5,0.3,1.3,0
Bryce Drew,34,13.0,3.5,1.4,3.8,0.5,1.4,0.2,0.2,0.1,0.9,1.5,0.3,0.1,0.9,1
Jelani McCoy,26,12.7,5.1,2.2,2.9,0.0,0.0,0.8,1.6,1.0,2.0,0.2,0.4,0.8,0.4,1
Brad Miller,38,12.3,6.3,2.1,3.6,0.0,0.1,2.1,2.7,0.9,2.2,0.6,0.2,0.5,0.8,1
Ricky Davis,46,12.1,4.5,1.8,4.3,0.0,0.3,1.0,1.3,0.9,1.0,1.3,0.7,0.1,1.2,1
J.R. Henderson,30,11.0,3.2,1.2,3.2,0.1,0.2,0.8,1.5,0.7,0.9,0.7,0.3,0.1,0.6,0
Corey Benjamin,31,10.3,3.8,1.4,3.8,0.1,0.5,0.9,1.3,0.5,0.8,0.3,0.3,0.3,0.7,0
Roshown McLeod,34,10.2,4.8,1.8,4.8,0.0,0.3,1.1,1.3,0.4,1.1,0.4,0.1,0.0,0.7,0
Earl Boykins,22,10.0,3.0,1.4,3.6,0.1,0.8,0.1,0.1,0.3,0.5,1.5,0.3,0.0,0.9,1
Toby Bailey,27,9.2,2.9,1.3,3.2,0.0,0.2,0.3,0.5,0.9,1.1,0.5,0.3,0.1,0.4,0
Marlon Garnett,24,8.5,2.1,0.6,2.1,0.3,1.0,0.6,0.8,0.1,0.8,0.8,0.2,0.0,0.5,0
Jordan Clarkson,59,25.0,11.9,4.5,10.1,0.6,2.1,2.2,2.7,0.9,2.3,3.5,0.9,0.2,1.6,0
Andrae Patterson,35,8.1,3.3,1.2,2.8,0.0,0.1,0.8,1.0,0.9,1.0,0.4,0.5,0.2,0.6,0
Gerald Brown,33,7.2,2.4,1.0,2.7,0.1,0.3,0.3,0.4,0.2,0.5,0.9,0.1,0.0,0.7,0
Ruben Patterson,24,6.0,2.7,0.9,2.1,0.0,0.3,0.9,1.3,0.7,0.5,0.1,0.2,0.1,0.5,1
Nazr Mohammed,26,4.7,1.6,0.6,1.6,0.0,0.0,0.5,0.8,0.7,0.7,0.1,0.2,0.1,0.5,1
Keith Van Horn,62,37.5,19.7,7.2,16.9,1.1,3.6,4.2,4.9,2.3,4.3,1.7,1.0,0.4,2.6,1
Ron Mercer,80,33.3,15.3,6.4,14.3,0.0,0.4,2.4,2.8,1.4,2.1,2.2,1.6,0.2,1.6,1
Brevin Knight,80,31.0,9.0,3.3,7.4,0.0,0.1,2.5,3.1,0.8,2.3,8.2,2.5,0.2,2.4,1
Cedric Henderson,82,30.8,10.1,4.2,8.8,0.0,0.0,1.7,2.3,0.9,3.1,2.0,1.2,0.6,2.0,1
Bobby Jackson,68,30.0,11.6,4.6,11.6,0.3,1.2,2.2,2.7,1.1,3.3,4.7,1.5,0.2,2.7,1
Zach LaVine,77,24.7,10.1,3.7,8.8,0.7,2.2,1.9,2.3,0.4,2.4,3.6,0.7,0.1,2.5,0
Anthony Johnson,77,29.4,7.5,2.9,7.9,0.5,1.7,1.0,1.4,0.7,1.6,4.3,0.8,0.1,1.6,1
Derek Anderson,66,27.9,11.7,3.6,8.9,0.3,1.3,4.2,4.8,0.8,2.0,3.4,1.3,0.2,1.9,1
Chauncey Billups,80,27.7,11.2,3.5,9.4,1.3,4.1,2.8,3.3,0.8,1.6,3.9,1.3,0.1,2.2,1
Antonio Daniels,74,26.4,7.8,3.1,7.4,0.1,0.7,1.5,2.3,0.3,1.6,4.5,0.7,0.1,2.2,1
Eric Washington,66,23.3,7.7,3.0,7.5,0.7,2.1,1.0,1.3,0.7,1.2,1.2,0.8,0.4,1.1,0
Tony Battie,65,23.2,8.4,3.6,8.1,0.0,0.2,1.1,1.6,2.1,3.3,0.9,0.8,1.1,1.5,1
Tim Thomas,77,23.1,11.0,4.0,8.9,0.8,2.2,2.2,3.0,1.4,2.4,1.2,0.7,0.2,1.5,1
Danny Fortson,80,22.6,10.2,3.5,7.6,0.0,0.0,3.3,4.2,2.3,3.3,1.0,0.6,0.4,2.0,1
Maurice Taylor,71,21.3,11.5,4.5,9.5,0.0,0.0,2.4,3.4,1.7,2.5,0.7,0.5,0.6,1.5,1
Lawrence Funderburke,52,21.0,9.5,3.7,7.5,0.0,0.1,2.1,3.1,1.5,3.0,1.2,0.4,0.3,1.2,1
Alvin Williams,54,19.8,6.0,2.3,5.2,0.2,0.5,1.2,1.7,0.4,1.1,1.9,0.7,0.1,1.1,1
Rodrick Rhodes,58,18.4,5.8,1.9,5.3,0.0,0.1,1.9,3.1,0.5,0.7,1.9,1.1,0.2,1.7,0
Tracy McGrady,64,18.4,7.0,2.8,6.2,0.2,0.6,1.2,1.7,1.6,2.6,1.5,0.8,0.9,1.0,1
Rick Brunson,38,16.4,4.3,1.3,3.7,0.6,1.6,1.1,1.6,0.4,1.1,2.6,0.7,0.1,1.4,1
Jerald Honeycutt,38,13.9,6.4,2.4,5.8,0.8,2.0,0.9,1.5,0.7,1.7,0.9,0.5,0.2,1.3,0
Kelvin Cato,74,13.6,3.8,1.3,3.1,0.0,0.0,1.2,1.7,1.2,2.2,0.3,0.4,1.3,0.6,1
Domantas Sabonis,34,21.1,6.4,2.6,6.0,1.0,2.4,0.1,0.2,0.5,3.1,1.3,0.6,0.5,1.1,0
Adreian Payne,32,23.1,6.7,2.8,6.9,0.0,0.3,0.9,1.4,1.5,3.6,0.9,0.6,0.3,1.4,0
Keith Closs,58,12.8,4.0,1.6,3.6,0.0,0.0,0.8,1.3,1.1,1.8,0.3,0.2,1.4,0.7,0
Kevin Ollie,35,12.3,3.5,1.1,2.8,0.0,0.0,1.4,2.0,0.3,0.9,1.9,0.4,0.0,1.3,1
Bubba Wells,39,10.1,3.3,1.2,3.0,0.0,0.2,0.8,1.1,0.6,1.2,0.9,0.4,0.1,0.8,0
John Thomas,54,9.9,2.8,1.0,2.1,0.0,0.0,0.8,1.0,0.9,1.1,0.3,0.4,0.2,0.8,1
Travis Williams,39,9.4,3.5,1.4,3.1,0.0,0.0,0.6,1.2,1.4,1.0,0.5,0.5,0.1,0.8,0
Jacque Vaughn,45,9.3,3.1,1.0,2.7,0.1,0.2,1.1,1.5,0.1,0.8,1.9,0.2,0.0,1.2,1
Chris Garner,38,7.7,1.4,0.6,1.8,0.1,0.4,0.1,0.2,0.2,0.4,1.2,0.6,0.1,0.7,0
Chris Crawford,40,6.4,3.8,1.2,2.8,0.0,0.1,1.4,1.7,0.5,0.5,0.2,0.3,0.2,0.5,1
Anthony Parker,37,5.3,1.9,0.7,1.7,0.2,0.8,0.4,0.5,0.2,0.5,0.5,0.3,0.1,0.3,1
Allen Iverson*,76,40.1,23.5,8.2,19.8,2.0,6.0,5.0,7.2,1.5,2.6,7.5,2.1,0.3,4.4,1
Kerry Kittles,82,36.7,16.4,6.2,14.5,1.9,5.1,2.1,2.8,1.3,2.6,3.0,1.9,0.4,1.6,1
Antoine Walker,82,36.2,17.5,7.0,16.5,0.6,1.9,2.8,4.5,3.5,5.5,3.2,1.3,0.7,2.8,1
Shareef Abdur-Rahim,80,35.0,18.7,6.9,15.2,0.1,0.3,4.8,6.5,2.7,4.2,2.2,1.0,1.0,2.8,1
Stephon Marbury,67,34.7,15.8,5.3,13.0,1.5,4.3,3.7,5.0,0.8,1.9,7.8,1.0,0.3,3.1,1
Ray Allen,82,30.9,13.4,4.8,11.1,1.4,3.6,2.5,3.0,1.2,2.8,2.6,0.9,0.1,1.8,1
Marcus Camby,63,30.1,14.8,6.0,12.3,0.0,0.2,2.9,4.2,2.1,4.2,1.5,1.1,2.1,2.1,1
Matt Maloney,82,29.1,9.4,3.3,7.5,1.9,4.6,0.9,1.1,0.2,1.7,3.7,1.0,0.0,1.5,1
Lorenzen Wright,77,25.1,7.3,3.1,6.4,0.0,0.1,1.1,1.9,2.7,3.4,0.6,0.6,0.8,1.0,1
K.J. McDaniels,62,21.8,7.9,2.8,7.0,0.7,2.4,1.6,2.1,1.0,2.2,1.2,0.7,1.1,1.7,0
Dean Garrett,68,24.5,8.0,3.3,5.7,0.0,0.0,1.4,2.0,2.2,5.1,0.6,0.6,1.4,0.5,1
Chris Robinson,41,16.6,4.6,1.7,4.4,0.8,2.2,0.4,0.6,0.6,1.2,1.6,0.7,0.2,0.8,0
Shandon Anderson,65,16.4,5.9,2.3,4.9,0.4,0.7,1.0,1.5,0.8,2.0,0.8,0.4,0.1,1.1,1
Travis Knight,71,16.3,4.8,2.0,3.9,0.0,0.0,0.9,1.4,1.8,2.7,0.5,0.4,0.8,0.7,1
Kobe Bryant,71,15.5,7.6,2.5,5.9,0.7,1.9,1.9,2.3,0.7,1.2,1.3,0.7,0.3,1.6,1
Randy Livingston,64,15.3,3.9,1.6,3.6,0.1,0.3,0.7,1.0,0.5,1.0,2.4,0.6,0.2,1.6,1
Othella Harrington,57,15.1,4.8,2.0,3.6,0.0,0.1,0.9,1.4,1.3,2.2,0.3,0.2,0.4,1.0,1
Erick Dampier,72,14.6,5.1,1.8,4.7,0.0,0.0,1.5,2.3,1.3,2.8,0.6,0.3,1.0,1.2,1
Rodney Hood,50,21.3,8.7,3.1,7.5,1.2,3.4,1.2,1.6,0.2,2.2,1.7,0.6,0.2,0.9,0
Tony Delk,61,14.2,5.4,2.0,4.2,0.9,1.8,0.7,0.8,0.5,1.1,1.6,0.6,0.1,1.1,1
Samaki Walker,43,14.0,5.0,1.9,4.3,0.0,0.0,1.1,1.7,1.1,2.3,0.4,0.3,0.5,0.9,1
Todd Fuller,75,12.7,4.1,1.5,3.5,0.0,0.0,1.0,1.5,1.4,1.9,0.3,0.1,0.3,0.7,1
John Wallace,68,11.6,4.8,1.8,3.5,0.0,0.1,1.2,1.6,0.8,1.5,0.5,0.3,0.4,1.1,1
Derek Fisher,80,11.5,3.9,1.3,3.3,0.3,0.9,1.0,1.5,0.3,0.9,1.5,0.5,0.1,0.9,1
Ray Owes,57,10.4,3.1,1.3,3.2,0.0,0.1,0.5,0.8,1.1,1.7,0.3,0.3,0.3,0.4,0
Jermaine O'Neal,45,10.2,4.1,1.5,3.4,0.0,0.0,1.0,1.7,0.9,1.9,0.2,0.0,0.6,0.6,1
Malik Rose,54,9.7,3.0,1.1,2.4,0.0,0.0,0.7,1.1,1.3,1.7,0.6,0.5,0.3,0.8,1
Brett Szabo,70,9.5,2.2,0.8,1.7,0.0,0.0,0.6,0.9,0.8,1.6,0.2,0.2,0.5,0.6,0
Jerami Grant,65,21.2,6.3,1.9,5.4,0.8,2.4,1.8,3.0,0.8,2.3,1.2,0.6,1.1,1.3,0
Darvin Ham,36,8.8,2.3,0.9,1.7,0.0,0.0,0.5,1.0,0.8,0.8,0.4,0.3,0.2,0.6,1
Steve Hamer,35,7.7,2.2,0.9,1.6,0.0,0.1,0.5,0.8,0.5,1.2,0.2,0.1,0.1,0.4,0
Walter McCarty,35,5.5,1.8,0.7,1.9,0.1,0.4,0.2,0.4,0.2,0.4,0.4,0.2,0.3,0.5,1
Priest Lauderdale,35,5.1,3.2,1.4,2.5,0.0,0.0,0.4,0.7,0.5,0.8,0.3,0.0,0.3,1.1,0
Damon Stoudamire,70,40.9,19.0,6.9,16.1,1.9,4.8,3.4,4.2,0.8,3.2,9.3,1.4,0.3,3.8,1
Michael Finley,82,39.2,15.0,5.7,11.9,0.7,2.3,3.0,3.9,1.7,2.9,3.5,1.0,0.4,1.6,1
Jerry Stackhouse,72,37.5,19.2,6.3,15.2,1.3,4.1,5.4,7.2,1.3,2.4,3.9,1.1,1.1,3.5,1
Joe Smith,82,34.4,15.3,5.7,12.5,0.1,0.3,3.7,4.8,3.7,5.1,1.0,1.0,1.6,1.7,1
Bryant Reeves,77,31.9,13.3,5.2,11.4,0.0,0.0,2.8,3.9,2.3,5.1,1.4,0.6,0.7,2.0,1
Tyus Edney,80,31.0,10.8,3.8,9.3,0.7,1.8,2.5,3.2,0.8,1.7,6.1,1.1,0.0,2.4,0
Antonio McDyess,76,30.0,13.4,5.6,11.6,0.0,0.1,2.2,3.2,3.0,4.5,1.0,0.7,1.5,2.0,1
Kevin Garnett,80,28.7,10.4,4.5,9.2,0.1,0.4,1.3,1.9,2.2,4.1,1.8,1.1,1.6,1.4,1
Rasheed Wallace,65,27.5,10.1,4.2,8.7,0.4,1.3,1.2,1.8,1.4,3.2,1.3,0.7,0.8,1.6,1
Brent Barry,79,24.0,10.1,3.6,7.6,1.6,3.7,1.4,1.7,0.5,1.6,2.9,1.2,0.3,1.5,1
Eric Williams,64,23.0,10.7,3.8,8.5,0.0,0.2,3.1,4.7,1.4,2.0,1.1,0.9,0.2,1.4,1
Kurt Thomas,74,22.4,9.0,3.7,7.4,0.0,0.0,1.6,2.4,1.6,4.3,0.6,0.6,0.5,1.3,1
Ashraf Amaya,54,20.4,6.3,2.2,4.7,0.0,0.0,1.8,2.8,2.1,3.5,0.6,0.4,0.2,1.1,0
Alan Henderson,79,17.9,6.4,2.4,5.5,0.0,0.0,1.5,2.5,2.1,2.4,0.6,0.6,0.5,1.1,1
Gary Trent,69,17.7,7.5,3.2,6.2,0.0,0.1,1.1,2.0,1.2,2.2,0.7,0.4,0.2,1.3,1
Loren Meyer,72,17.6,5.0,2.0,4.6,0.0,0.2,1.0,1.4,1.6,2.8,0.8,0.3,0.4,0.9,0
Theo Ratliff,75,17.4,4.5,1.7,3.1,0.0,0.0,1.1,1.6,1.5,2.5,0.2,0.2,1.6,0.8,1
Anthony Goldwire,42,14.8,5.5,1.8,4.5,0.8,2.0,1.1,1.4,0.2,0.8,2.7,0.4,0.0,1.5,1
Bob Sura,79,14.6,5.3,1.9,4.6,0.3,1.0,1.3,1.8,0.4,1.3,2.9,0.7,0.3,1.5,1
Don Reid,69,14.4,3.8,1.5,2.7,0.0,0.0,0.7,1.1,1.1,1.8,0.2,0.7,0.6,0.6,1
Jimmy King,62,14.0,4.5,1.8,4.1,0.1,0.5,0.9,1.2,0.7,1.1,1.4,0.3,0.2,1.0,0
Shawn Respert,62,13.6,4.9,1.8,4.7,0.7,2.0,0.6,0.7,0.5,0.7,1.1,0.5,0.1,0.7,0
Shabazz Napier,51,19.8,5.1,1.7,4.5,0.8,2.3,0.9,1.1,0.3,1.9,2.5,0.8,0.1,1.6,0
Cherokee Parks,64,13.6,3.9,1.6,3.9,0.1,0.4,0.6,1.0,1.0,2.3,0.5,0.4,0.5,0.5,1
Lawrence Moten,44,13.0,6.6,2.5,5.6,0.4,1.3,1.1,1.7,0.8,0.6,1.1,0.7,0.2,1.0,0
Greg Ostertag,57,11.6,3.6,1.5,3.2,0.0,0.0,0.6,0.9,1.0,2.1,0.1,0.1,1.1,0.4,1
Corliss Williamson,53,11.5,5.6,2.4,5.1,0.0,0.1,0.9,1.6,1.1,1.1,0.4,0.2,0.2,1.4,1
Terrence Rencher,36,11.3,2.9,0.9,2.8,0.3,0.8,0.9,1.3,0.3,1.0,1.5,0.4,0.1,1.2,0
Chris Carr,60,9.8,4.0,1.5,3.6,0.2,0.7,0.8,1.0,0.5,1.3,0.7,0.2,0.1,0.7,1
Travis Best,59,9.7,3.7,1.2,2.8,0.1,0.4,1.3,1.5,0.2,0.6,1.6,0.3,0.1,1.1,1
Jason Caffey,57,9.6,3.2,1.2,2.8,0.0,0.0,0.7,1.2,0.9,1.1,0.4,0.2,0.1,0.8,1
Elijah Millsap,47,19.7,5.3,1.7,5.1,0.6,1.9,1.2,1.8,0.6,2.6,1.2,1.2,0.3,1.4,0
Eric Snow,43,9.0,2.7,1.0,2.3,0.0,0.2,0.7,1.1,0.2,0.8,1.7,0.7,0.0,0.9,1
Jerome Allen,41,8.8,2.6,0.9,2.6,0.2,0.8,0.6,0.9,0.1,0.5,1.2,0.5,0.1,0.8,0
Junior Burrough,61,8.1,3.1,1.0,2.8,0.0,0.0,1.0,1.5,0.7,1.0,0.2,0.3,0.2,0.7,0
Lou Roe,49,7.6,1.8,0.7,1.8,0.0,0.2,0.5,0.7,0.6,1.0,0.3,0.2,0.2,0.3,0
Marques Bragg,53,7.0,2.5,1.0,2.3,0.0,0.0,0.4,0.8,0.7,0.8,0.2,0.3,0.1,0.5,0
Todd Mundt,33,4.6,1.1,0.5,1.2,0.0,0.0,0.2,0.2,0.3,0.5,0.1,0.1,0.1,0.1,0
Grant Hill,70,38.3,19.9,7.3,15.2,0.1,0.4,5.3,7.3,1.8,4.6,5.0,1.8,0.9,2.9,1
Glenn Robinson,80,37.0,21.9,8.0,17.6,1.1,3.4,5.0,6.2,2.1,4.3,2.5,1.4,0.3,3.9,0
Juwan Howard,65,36.1,17.0,7.0,14.3,0.0,0.1,3.0,4.5,2.8,5.6,2.5,0.8,0.2,2.5,1
Tarik Black,63,19.0,6.0,2.5,4.3,0.0,0.0,1.0,1.9,2.3,3.6,0.7,0.3,0.4,0.8,0
Jason Kidd,79,33.8,11.7,4.2,10.8,0.9,3.3,2.4,3.5,1.9,3.5,7.7,1.9,0.3,3.2,1
Lamond Murray,81,31.6,14.1,5.4,13.5,0.8,2.7,2.5,3.3,1.6,2.7,1.6,0.9,0.7,2.0,1
Eddie Jones,64,31.0,14.0,5.3,11.6,1.4,3.8,1.9,2.6,1.2,2.7,2.0,2.0,0.6,1.2,1
Eric Montross,78,29.7,10.0,3.9,7.4,0.0,0.0,2.1,3.4,2.5,4.7,0.5,0.4,0.8,1.4,1
Donyell Marshall,72,29.0,12.6,4.8,12.2,1.0,3.4,2.0,3.1,1.9,3.7,1.5,0.6,1.2,1.6,1
Brian Grant,80,28.6,13.2,5.2,10.1,0.0,0.1,2.9,4.5,2.6,4.9,1.2,0.6,1.4,2.0,1
Sharone Wright,79,25.9,11.4,4.6,9.8,0.0,0.1,2.3,3.6,2.4,3.6,0.6,0.5,1.3,1.9,0
Wesley Person,78,23.1,10.4,4.0,8.2,1.5,3.4,1.0,1.3,0.9,1.7,1.3,0.6,0.3,1.0,1
Clifford Rozier,66,22.6,6.8,2.9,5.9,0.0,0.1,1.0,2.3,3.0,4.3,0.7,0.5,0.6,1.4,0
Jalen Rose,81,22.2,8.2,2.8,6.2,0.4,1.4,2.1,2.9,0.7,2.0,4.8,0.8,0.3,2.0,1
Tyler Johnson,32,18.8,5.9,2.2,5.2,0.6,1.5,1.0,1.5,0.4,2.1,1.3,1.0,0.3,0.9,0
Khalid Reeves,67,21.8,9.2,3.1,6.9,1.0,2.6,2.1,2.9,0.8,2.0,4.3,1.1,0.1,2.0,1
Chris Childs,53,19.3,5.8,2.0,5.3,0.8,2.4,1.0,1.4,0.3,1.0,4.1,0.8,0.1,1.4,1
Aaron McKie,45,18.4,6.5,2.6,5.8,0.2,0.6,1.1,1.6,0.8,2.1,2.0,0.8,0.4,0.9,1
Ryan Lorthridge,37,18.2,7.4,2.9,6.0,0.1,0.4,1.5,2.4,0.6,1.3,2.7,0.8,0.0,1.5,0
Derrick Alston,64,16.1,4.7,1.9,4.0,0.0,0.1,0.9,1.9,1.5,1.9,0.5,0.6,0.6,0.8,0
Anthony Tucker,62,15.8,3.9,1.5,3.4,0.0,0.0,0.8,1.3,0.7,2.0,1.1,0.7,0.2,0.9,0
Greg Minor,63,15.0,6.0,2.5,4.8,0.0,0.2,1.0,1.2,0.8,1.4,1.0,0.5,0.3,0.7,1
Eric Piatkowski,81,14.9,7.0,2.5,5.6,0.9,2.4,1.1,1.4,0.8,0.9,1.0,0.5,0.2,0.8,1
B.J. Tyler,55,14.7,3.5,1.3,3.4,0.3,0.9,0.6,0.9,0.2,0.9,3.2,0.7,0.0,1.8,0
Eric Mobley,46,12.8,3.9,1.7,2.9,0.0,0.0,0.5,1.0,1.2,2.1,0.5,0.2,0.6,0.5,0
Monty Williams,41,12.3,3.3,1.5,3.2,0.0,0.2,0.4,0.9,1.0,1.4,1.2,0.5,0.1,1.0,1
Anthony Miller,46,11.5,4.1,1.5,2.9,0.0,0.1,1.0,1.7,1.5,1.8,0.8,0.4,0.1,0.8,1
Howard Eisley,49,11.3,2.4,0.8,2.5,0.2,0.8,0.6,0.8,0.2,0.7,1.9,0.4,0.1,1.0,1
Bill Curley,53,11.2,2.7,1.1,2.5,0.0,0.0,0.5,0.7,1.0,1.3,0.5,0.4,0.4,0.5,1
Jamie Watson,60,11.2,3.3,1.3,2.5,0.1,0.3,0.6,0.9,0.3,1.0,1.0,0.6,0.2,0.8,0
Tony Dumas,58,10.6,4.6,1.7,4.3,0.4,1.3,0.9,1.3,0.6,0.5,1.0,0.2,0.1,0.9,0
Dickey Simpkins,59,9.9,3.5,1.3,3.1,0.0,0.0,0.8,1.2,1.0,1.5,0.6,0.2,0.1,0.8,1
Jim McIlvaine,55,9.7,1.7,0.6,1.3,0.0,0.0,0.5,0.7,0.7,1.2,0.2,0.2,1.1,0.3,1
Dwayne Morton,41,9.6,4.1,1.2,3.1,0.2,0.6,1.4,2.1,0.5,0.9,0.4,0.3,0.4,0.7,0
Darrin Hancock,46,9.2,3.3,1.5,2.6,0.0,0.1,0.3,0.8,0.3,0.8,0.7,0.4,0.1,0.7,0
Tim Breaux,42,8.1,3.0,1.1,2.9,0.1,0.6,0.8,1.2,0.4,0.4,0.4,0.3,0.1,0.4,0
Trevor Ruffin,49,6.5,4.8,1.7,4.0,0.8,2.0,0.6,0.8,0.2,0.3,1.0,0.3,0.0,1.0,0
Brooks Thompson,38,6.5,3.1,1.2,3.0,0.5,1.5,0.2,0.3,0.2,0.4,1.1,0.3,0.1,0.7,0
Anfernee Hardaway,82,36.8,16.0,6.2,13.3,0.6,2.3,3.0,4.0,2.3,3.0,6.6,2.3,0.6,3.6,1
Jamal Mashburn,79,36.7,19.2,7.1,17.5,1.1,3.8,3.9,5.5,1.4,3.1,3.4,1.1,0.2,3.1,1
Nick Van Exel,81,33.3,13.6,5.1,13.0,1.5,4.5,1.9,2.4,0.6,2.4,5.8,1.1,0.1,1.8,1
Chris Webber,76,32.1,17.5,7.5,13.6,0.0,0.2,2.5,4.7,4.0,5.1,3.6,1.2,2.2,2.7,1
Aaron Gordon,47,17.0,5.2,2.0,4.4,0.3,1.0,0.9,1.3,1.0,2.6,0.7,0.5,0.5,0.8,0
Vin Baker,82,31.2,13.5,5.3,10.6,0.0,0.1,2.9,5.0,3.4,4.2,2.0,0.7,1.4,2.0,1
Isaiah Rider,79,30.6,16.6,6.6,14.1,0.7,1.9,2.7,3.4,1.5,2.5,2.6,0.7,0.3,2.8,1
Lindsey Hunter,82,26.5,10.3,4.1,10.9,0.8,2.5,1.3,1.7,0.6,1.7,4.8,1.5,0.1,2.2,1
Chris Mills,79,25.6,9.4,3.6,8.6,0.5,1.5,1.7,2.2,1.7,3.4,1.6,0.7,0.6,1.1,1
George Lynch,71,24.8,9.6,4.1,8.1,0.0,0.1,1.4,2.3,3.1,2.7,1.4,1.4,0.4,1.2,1
P.J. Brown,79,24.7,5.7,2.1,5.1,0.0,0.1,1.5,1.9,2.4,3.9,1.2,0.9,1.2,0.9,1
Calbert Cheaney,65,24.7,12.0,5.0,10.7,0.0,0.4,1.9,2.5,1.4,1.6,1.9,1.0,0.1,1.7,1
Bo Outlaw,37,23.5,6.9,2.6,4.5,0.0,0.1,1.6,2.8,2.2,3.5,1.0,1.0,1.0,0.8,1
Popeye Jones,81,21.9,5.8,2.4,5.0,0.0,0.0,1.0,1.3,3.7,3.8,1.2,0.8,0.4,1.2,1
Antonio Davis,81,21.4,7.7,2.7,5.2,0.0,0.0,2.4,3.7,2.3,3.9,0.7,0.6,1.0,1.3,1
Allan Houston,79,19.2,8.5,3.4,8.5,0.4,1.5,1.1,1.4,0.2,1.3,1.3,0.4,0.2,1.3,1
Harold Ellis,49,18.8,8.7,3.2,6.0,0.0,0.1,2.2,3.0,1.9,1.2,0.6,1.5,0.0,0.9,0
Rodney Rogers,79,17.8,8.1,3.0,6.9,0.4,1.2,1.6,2.4,1.1,1.7,1.3,0.8,0.6,1.7,1
Mitchell Butler,75,17.6,6.9,2.8,5.6,0.0,0.1,1.4,2.4,1.4,1.6,1.0,0.7,0.3,1.2,1
Sam Cassell,66,17.0,6.7,2.5,5.9,0.4,1.3,1.4,1.6,0.4,1.7,2.9,0.9,0.1,1.4,1
Bryon Russell,67,16.7,5.0,2.0,4.2,0.0,0.3,0.9,1.5,0.9,1.8,0.8,1.0,0.3,0.8,1
Darren Morningstar,23,16.0,4.2,1.7,3.6,0.0,0.0,0.8,1.3,1.3,2.2,0.7,0.6,0.1,0.8,0
Markel Brown,47,16.6,4.6,1.6,4.5,0.4,1.4,1.0,1.2,0.3,1.9,0.8,0.7,0.3,0.6,0
Acie Earl,74,15.5,5.5,2.0,5.0,0.0,0.0,1.5,2.2,1.1,2.2,0.2,0.3,0.7,1.0,0
Lucious Harris,77,15.1,5.4,2.1,5.0,0.1,0.4,1.1,1.5,0.6,1.5,1.4,0.6,0.1,1.0,1
Scott Burrell,51,15.0,4.8,1.9,4.6,0.0,0.1,0.9,1.4,0.9,1.7,1.2,0.7,0.3,0.9,1
Warren Kidd,68,13.0,3.6,1.5,2.5,0.0,0.0,0.7,1.3,1.1,2.3,0.3,0.3,0.3,0.7,0
Greg Graham,70,12.7,4.8,1.7,4.4,0.0,0.4,1.3,1.6,0.3,0.9,0.9,0.9,0.1,0.9,1
Mike Peplowski,55,12.1,3.2,1.4,2.6,0.0,0.0,0.4,0.8,0.9,2.2,0.4,0.3,0.5,0.6,0
Terry Dehere,64,11.9,5.3,2.0,5.3,0.4,0.9,1.0,1.3,0.4,0.7,1.2,0.4,0.1,0.9,1
James Robinson,58,11.6,4.8,1.8,4.9,0.4,1.3,0.8,1.2,0.6,0.8,1.2,0.5,0.3,0.9,1
Corie Blount,67,10.3,3.0,1.1,2.6,0.0,0.0,0.7,1.1,1.1,1.8,0.8,0.3,0.5,0.8,1
Cleanthony Early,39,16.6,5.4,1.9,5.5,0.6,2.2,0.9,1.2,0.6,1.9,0.9,0.6,0.3,1.0,0
David Wesley,60,9.0,3.1,1.1,2.9,0.2,0.8,0.7,0.9,0.2,0.6,2.1,0.6,0.1,0.9,1
Chris Whitney,40,8.5,1.8,0.6,2.1,0.3,0.8,0.3,0.4,0.1,0.6,1.3,0.3,0.0,0.9,1
Rex Walters,48,8.0,3.4,1.3,2.4,0.3,0.6,0.6,0.7,0.1,0.7,1.5,0.3,0.1,0.6,1
Darnell Mee,38,7.5,1.9,0.7,2.3,0.1,0.6,0.3,0.7,0.4,0.5,0.4,0.4,0.3,0.5,0
Josh Grant,53,7.2,3.0,1.1,2.8,0.3,1.2,0.4,0.5,0.5,1.2,0.5,0.3,0.1,0.6,0
Ervin Johnson,45,6.2,2.6,1.0,2.4,0.0,0.0,0.6,1.0,1.1,1.6,0.2,0.2,0.5,0.5,1
Brian Davis,68,5.5,1.9,0.6,1.9,0.0,0.0,0.7,1.0,0.3,0.5,0.3,0.2,0.1,0.3,0
Eric Riley,47,4.7,1.9,0.7,1.5,0.0,0.0,0.4,0.8,0.5,0.7,0.2,0.1,0.2,0.3,1
Shaquille O'Neal*,81,37.9,23.4,9.0,16.1,0.0,0.0,5.3,8.9,4.2,9.6,1.9,0.7,3.5,3.8,1
Latrell Sprewell,77,35.6,15.4,5.8,12.6,0.9,2.6,2.7,3.7,1.0,2.5,3.8,1.6,0.7,2.6,1
Christian Laettner,81,34.9,18.2,6.2,13.1,0.0,0.5,5.7,6.8,2.1,6.6,2.8,1.3,1.0,3.4,1
Tom Gugliotta,81,34.5,14.7,6.0,14.0,0.5,1.7,2.2,3.5,2.7,6.9,3.8,1.6,0.4,2.8,1
Alonzo Mourning*,78,33.9,21.0,7.3,14.3,0.0,0.0,6.3,8.1,3.4,6.9,1.0,0.3,3.5,3.0,1
LaPhonso Ellis,82,33.5,14.7,5.9,11.7,0.0,0.2,2.9,3.9,3.3,5.7,1.8,0.9,1.4,1.9,1
Clarence Weatherspoon,82,32.4,15.6,6.0,12.8,0.0,0.0,3.5,5.0,2.2,5.0,1.8,1.0,0.8,2.1,1
Robert Horry,79,29.5,10.1,4.1,8.6,0.2,0.6,1.8,2.5,1.4,3.5,2.4,1.0,1.1,2.0,1
Sean Rooks,72,29.0,13.5,5.1,10.4,0.0,0.0,3.3,5.4,2.7,4.7,1.3,0.5,1.1,2.2,1
Walt Williams,59,28.4,17.0,6.1,13.9,1.0,3.2,3.8,5.1,1.9,2.5,3.0,1.1,0.5,3.0,1
Anthony Avent,82,27.9,9.8,4.2,9.8,0.0,0.0,1.4,2.1,2.2,4.0,1.1,0.7,0.9,1.7,1
Richard Dumas,48,27.5,15.8,6.3,12.0,0.0,0.1,3.2,4.5,2.1,2.6,1.3,1.8,0.8,1.9,0
Todd Day,71,27.2,13.8,5.0,11.7,0.8,2.6,3.0,4.2,2.0,2.1,1.6,1.1,0.7,1.7,1
Bryant Stith,39,22.2,8.9,3.2,7.1,0.0,0.1,2.5,3.1,1.0,2.2,1.3,0.6,0.1,1.1,1
Doug Overton,45,22.0,8.1,3.4,7.2,0.1,0.3,1.3,1.8,0.6,1.8,3.5,0.7,0.1,1.6,1
Anthony Peeler,77,21.5,10.4,3.9,8.2,0.6,1.5,2.1,2.7,0.8,1.5,2.2,0.8,0.2,1.6,1
Walter Bond,74,21.3,8.0,3.1,7.6,0.1,0.6,1.7,2.3,0.7,1.9,1.6,1.0,0.2,1.5,0
Andre Spencer,20,21.1,9.4,3.7,8.2,0.0,0.1,2.1,2.7,1.9,2.2,1.2,0.8,0.3,1.3,0
Lloyd Daniels,77,20.4,9.1,3.7,8.4,0.8,2.3,0.9,1.3,1.1,1.7,1.9,0.5,0.4,1.3,1
Oliver Miller,56,19.1,5.6,2.2,4.6,0.0,0.1,1.3,1.8,1.3,3.7,2.1,0.7,1.8,1.9,1
Harold Miner,73,18.9,10.3,4.0,8.4,0.0,0.1,2.2,2.9,1.0,1.0,1.0,0.5,0.1,1.3,0
T.J. Warren,40,15.4,6.1,2.8,5.4,0.1,0.5,0.4,0.5,1.0,1.1,0.6,0.5,0.2,0.7,0
Adam Keefe,82,18.9,6.6,2.3,4.6,0.0,0.0,2.0,2.9,2.1,3.2,1.0,0.7,0.2,1.2,1
Lee Mayberry,82,18.3,5.2,2.1,4.6,0.5,1.3,0.5,0.8,0.3,1.1,3.3,0.7,0.1,1.0,1
Hubert Davis,50,16.3,5.4,2.2,5.0,0.1,0.4,0.9,1.1,0.3,0.9,1.7,0.4,0.1,0.9,1
Byron Houston,79,16.1,5.3,1.8,4.1,0.0,0.1,1.6,2.5,1.5,2.5,0.9,0.6,0.5,1.1,0
Chris Smith,80,15.8,4.3,1.6,3.6,0.0,0.2,1.2,1.5,0.4,0.8,2.5,0.6,0.2,0.8,0
Brent Price,68,12.6,3.9,1.5,4.1,0.1,0.7,0.8,1.0,0.4,1.1,2.3,0.8,0.0,1.3,1
Marlon Maxey,43,12.1,5.4,2.2,3.9,0.0,0.0,1.0,1.6,1.5,2.3,0.3,0.3,0.4,0.9,0
Litterial Green,52,12.0,4.5,1.7,3.8,0.0,0.2,1.2,1.8,0.2,0.4,2.2,0.4,0.1,0.8,1
Jon Barry,47,11.7,4.4,1.6,4.4,0.4,1.3,0.7,1.0,0.2,0.7,1.4,0.7,0.1,0.9,1
